"name","price","gross","seller"
"飞利浦E106","89.00","50万+","飞利浦手机京东自营旗舰店"
"华为畅享9 Plus","1399.00","60万+","华为京东自营官方旗舰店"
"华为P30 Pro","5487.00","9万+","华为京东自营官方旗舰店"
"华为P30","3688.00","61万+","华为京东自营官方旗舰店"
"飞利浦E106","99.00","400+","三猫手机专营店"
"飞利浦E106","99.00","200+","宏图手机专营店"
"飞利浦E106","139.00","30+","老人手机旗舰店"
"飞利浦E106","99.00","5","恒润手机专营店"
"飞利浦E106","99.00","2","飞利浦手机旗舰店"
"华为畅享9 Plus","1299.00","13万+","华为京东自营官方旗舰店"
"华为畅享9 Plus","1198.00","1.2万+","掌视界数码旗舰店"
"华为畅享9 Plus","1188.00","7600+","新松联手机旗舰店"
"华为畅享9 Plus","1099.00","7600+","牧申手机旗舰店"
"诺基亚105","139.00","65万+","诺基亚手机京东自营旗舰店"
"华为P30 Pro","5487.00","8.7万+","华为京东自营官方旗舰店"
"华为P30 Pro","5987.00","6.9万+","华为京东自营官方旗舰店"
"小米Redmi K20 Pro","2799.00","11万+","小米京东自营旗舰店"
"华为荣耀9X","1289.00","79万+","荣耀京东自营旗舰店"
"华为荣耀20","1089.00","71万+","荣耀京东自营旗舰店"
"华为P30","4488.00","1.9万+","福气多多手机旗舰店"
"华为P30","3688.00","1.5万+","掌视界数码旗舰店"
"华为P30","3688.00","1.5万+","福气多多手机旗舰店"
"华为P30","4488.00","1.3万+","臻火旗舰店"
"华为P30","4488.00","1.3万+","掌视界数码旗舰店"
"飞利浦E106","119.00","0","诺必信手机通讯专营店"
"飞利浦E106","99.00","0","酷威手机专营店"
"华为荣耀8X","1089.00","213万+","荣耀京东自营旗舰店"
"华为畅享9 Plus","1149.00","6000+","聚捷联盛手机旗舰店"
"华为畅享9 Plus","1189.00","5900+","炜东电商旗舰店"
"诺基亚105","999.00","29万+","诺基亚手机京东自营旗舰店"
"诺基亚105","199.00","5.5万+","众盛手机专营店"
"诺基亚105","133.00","2万+","京联通达旗舰店"
"诺基亚105","129.00","1.7万+","欧霖爵手机旗舰店"
"诺基亚105","129.00","1.1万+","佳沪手机旗舰店"
"华为P30 Pro","5488.00","6.9万+","华为京东自营官方旗舰店"
"华为P30 Pro","5487.00","5万+","华为京东自营官方旗舰店"
"华为P30 Pro","5987.00","4.7万+","华为京东自营官方旗舰店"
"小米Redmi K20 Pro","2999.00","8.3万+","小米京东自营旗舰店"
"小米Redmi K20 Pro","2299.00","6.1万+","小米京东自营旗舰店"
"小米Redmi K20 Pro","2699.00","3400+","明日数码旗舰店"
"小米Redmi K20 Pro","1768.00","2400+","疆界互联旗舰店"
"华为荣耀9X","1989.00","7.2万+","荣耀京东自营旗舰店"
"华为荣耀9X","1499.00","9300+","牧申手机旗舰店"
"华为P30","3388.00","1.2万+","炜东电商旗舰店"
"华为P30","4488.00","8500+","炜东电商旗舰店"
"华为P30","3688.00","8400+","臻火旗舰店"
"华为P30","4488.00","8400+","OKSJ手机旗舰店"
"华为P30","3388.00","5900+","OKSJ手机旗舰店"
"华为P30","3688.00","4900+","天翼电信旗舰店"
"华为荣耀20","1499.00","19万+","荣耀京东自营旗舰店"
"华为荣耀20","2689.00","18万+","荣耀京东自营旗舰店"
"华为荣耀20","1089.00","3.9万+","荣耀京东自营旗舰店"
"华为荣耀20","999.40","1.3万+","京铠玄手机旗舰店"
"华为荣耀20","1699.80","1.1万+","疆界互联旗舰店"
"华为荣耀8X","1289.00","38万+","荣耀京东自营旗舰店"
"华为荣耀8X","899.00","2.4万+","牧申手机旗舰店"
"华为荣耀8X","899.00","1.7万+","佳沪手机旗舰店"
"华为荣耀8X","899.00","1.5万+","OKSJ手机旗舰店"
"华为荣耀8X","888.00","1.2万+","掌视界数码旗舰店"
"华为畅享9 Plus","858.00","5800+","宏图手机专营店"
"华为畅享9 Plus","1199.00","5200+","京联通达旗舰店"
"华为畅享9 Plus","1099.00","4000+","聚捷联盛手机旗舰店"
"华为畅享9 Plus","1099.00","4100+","聚捷联盛手机旗舰店"
"诺基亚105","139.00","8500+","银河信业手机专营店"
"诺基亚105","145.00","7100+","炜东电商旗舰店"
"诺基亚105","138.00","3300+","银河信业专营店"
"华为P30 Pro","5487.00","4万+","华为京东自营官方旗舰店"
"华为P30 Pro","4488.00","1.9万+","福气多多手机旗舰店"
"小米Redmi K20 Pro","2199.00","2100+","佳沪手机旗舰店"
"小米Redmi K20 Pro","2699.00","2000+","疆界互联旗舰店"
"小米Redmi K20 Pro","2388.00","1400+","宏图手机专营店"
"小米Redmi K20 Pro","2699.00","1100+","茄子手机旗舰店"
"小米Redmi K20 Pro","2749.00","800+","头号卖家旗舰店"
"华为荣耀9X","1999.00","7300+","掌视界数码旗舰店"
"华为荣耀9X","1199.00","6400+","福气多多手机旗舰店"
"华为荣耀9X","1499.00","6300+","新松联手机旗舰店"
"华为荣耀9X","1099.00","6200+","聚捷联盛手机旗舰店"
"华为荣耀9X","1599.00","5700+","千瑞达手机旗舰店"
"华为P30","4488.00","4900+","京联通达旗舰店"
"华为P30","3688.00","4800+","京联通达旗舰店"
"华为P30","3858.00","3600+","聚捷联盛手机旗舰店"
"华为P30","5088.00","3400+","聚捷联盛手机旗舰店"
"华为P30","3388.00","3100+","同达丰手机旗舰店"
"华为P30","4488.00","2500+","牧申手机旗舰店"
"华为荣耀20","999.80","9000+","疆界互联旗舰店"
"华为荣耀20","1899.00","8300+","佳沪手机旗舰店"
"华为荣耀20","999.00","7500+","掌视界数码旗舰店"
"华为荣耀20","946.00","7400+","炜东电商旗舰店"
"华为荣耀20","1349.00","6400+","福气多多手机旗舰店"
"华为荣耀8X","1089.00","6800+","疆界互联旗舰店"
"华为荣耀8X","886.00","6400+","聚捷联盛手机旗舰店"
"华为畅享9 Plus","1188.00","3300+","千瑞达手机旗舰店"
"华为畅享9 Plus","918.00","2900+","OKSJ手机旗舰店"
"华为畅享9 Plus","1278.00","2700+","常开泰达手机专营店"
"华为畅享9 Plus","1149.00","2700+","同达丰手机旗舰店"
"华为畅享9 Plus","1199.00","2700+","众盛手机专营店"
"华为畅享9 Plus","1059.00","2600+","佳沪手机旗舰店"
"诺基亚105","159.00","3200+","爱优创杰手机旗舰店"
"诺基亚105","83.00","3200+","发动机优品二手手机专营店"
"诺基亚105","159.00","2300+","众盛手机专营店"
"诺基亚105","89.00","1800+","泰业优品二手手机旗舰店"
"诺基亚105","159.00","1800+","天域手机专营店"
"华为P30 Pro","4488.00","1.3万+","臻火旗舰店"
"华为P30 Pro","4488.00","1.3万+","掌视界数码旗舰店"
"华为P30 Pro","5987.00","9600+","华为京东自营官方旗舰店"
"华为P30 Pro","6887.00","9000+","华为京东自营官方旗舰店"
"华为P30 Pro","4488.00","8500+","炜东电商旗舰店"
"小米Redmi K20 Pro","2368.00","500+","同达丰手机旗舰店"
"小米Redmi K20 Pro","1798.00","500+","谷高数码手机专营店"
"小米Redmi K20 Pro","2338.00","500+","掌视界数码旗舰店"
"小米Redmi K20 Pro","2398.00","400+","明日数码旗舰店"
"小米Redmi K20 Pro","2699.00","400+","淘金手机专营店"
"华为荣耀9X","1299.00","5100+","OKSJ手机旗舰店"
"华为荣耀9X","1099.00","4800+","明日数码旗舰店"
"华为荣耀9X","1099.80","4400+","疆界互联旗舰店"
"华为荣耀9X","1099.00","3500+","炜东电商旗舰店"
"华为荣耀9X","1799.00","3100+","佳沪手机旗舰店"
"华为P30","3388.00","2500+","中国移动手机官方旗舰店"
"华为P30","5788.00","1900+","天翼电信旗舰店"
"华为P30","3888.00","1800+","千瑞达手机旗舰店"
"华为P30","3398.00","1700+","众宇通手机专营店"
"华为P30","4488.00","1700+","天翼电信旗舰店"
"华为荣耀20","1499.00","6300+","新松联手机旗舰店"
"华为荣耀20","1299.00","5100+","OKSJ手机旗舰店"
"华为荣耀20","999.00","4800+","佳沪手机旗舰店"
"华为荣耀8X","919.00","3900+","京铠玄手机旗舰店"
"华为荣耀8X","899.00","3700+","新松联手机旗舰店"
"华为荣耀8X","899.00","3500+","京联通达旗舰店"
"华为荣耀8X","1349.00","3200+","疆界互联旗舰店"
"华为畅享9 Plus","1159.00","2400+","同达丰手机旗舰店"
"华为畅享9 Plus","1198.00","2100+","易销科技手机专营店"
"华为畅享9 Plus","1098.00","2000+","OKSJ手机旗舰店"
"华为畅享9 Plus","1208.00","2000+","华信通手机专营店"
"华为畅享9 Plus","1689.00","1900+","臻火旗舰店"
"诺基亚105","139.00","1700+","天域手机专营店"
"华为P30 Pro","4488.00","8400+","OKSJ手机旗舰店"
"华为P30 Pro","3388.00","5900+","OKSJ手机旗舰店"
"华为P30 Pro","3688.00","4900+","天翼电信旗舰店"
"华为P30 Pro","4488.00","4900+","京联通达旗舰店"
"华为P30 Pro","5088.00","3400+","聚捷联盛手机旗舰店"
"华为P30 Pro","4488.00","2500+","牧申手机旗舰店"
"华为P30 Pro","5788.00","1900+","天翼电信旗舰店"
"华为P30 Pro","4488.00","1700+","天翼电信旗舰店"
"华为P30 Pro","4988.00","1600+","新松联手机旗舰店"
"华为P30 Pro","5788.00","1600+","君问手机旗舰店"
"华为P30 Pro","4488.00","1500+","中国移动手机官方旗舰店"
"华为P30 Pro","3988.00","1500+","弘朝数码旗舰店"
"华为P30 Pro","3388.00","1400+","新松联手机旗舰店"
"小米Redmi K20 Pro","2449.00","400+","聚捷联盛手机旗舰店"
"小米Redmi K20 Pro","1558.00","400+","掌视界数码旗舰店"
"小米Redmi K20 Pro","1858.00","400+","明日数码旗舰店"
"小米Redmi K20 Pro","2388.00","300+","疆界互联旗舰店"
"小米Redmi K20 Pro","2418.00","300+","淘金手机专营店"
"小米Redmi K20 Pro","2699.00","200+","新松联手机旗舰店"
"小米Redmi K20 Pro","2338.00","200+","茄子手机旗舰店"
"小米Redmi K20 Pro","2449.00","200+","鹏瑶旗舰店"
"小米Redmi K20 Pro","2699.00","200+","谷高数码手机专营店"
"小米Redmi K20 Pro","3038.00","100+","鹏路网络手机旗舰店"
"华为荣耀9X","2199.00","3000+","爱优创杰手机旗舰店"
"华为荣耀9X","1199.00","2900+","京联通达旗舰店"
"华为荣耀9X","1199.00","2800+","宏图手机专营店"
"华为荣耀9X","899.00","2800+","中益德诚手机专营店"
"华为荣耀9X","1199.00","2400+","京铠玄手机旗舰店"
"华为荣耀9X","2199.00","1300+","掌视界数码旗舰店"
"华为荣耀9X","1799.00","1200+","易销科技手机专营店"
"华为荣耀9X","1079.00","1100+","同达丰手机旗舰店"
"华为荣耀9X","1949.00","1100+","疆界互联旗舰店"
"华为荣耀9X","1999.00","1100+","新松联手机旗舰店"
"华为荣耀9X","1939.00","1000+","牧申手机旗舰店"
"华为荣耀9X","1099.00","900+","冰之凯盛手机专营店"
"华为P30","4988.00","1600+","新松联手机旗舰店"
"华为P30","5788.00","1600+","君问手机旗舰店"
"华为P30","4488.00","1500+","中国移动手机官方旗舰店"
"华为P30","3988.00","1500+","弘朝数码旗舰店"
"华为P30","3688.00","1400+","久汇通官方旗舰店"
"华为P30","3388.00","1400+","新松联手机旗舰店"
"华为荣耀20","2499.00","4400+","新松联手机旗舰店"
"华为荣耀20","1188.00","4300+","佳沪手机旗舰店"
"华为荣耀20","2399.00","4200+","天翼电信旗舰店"
"华为荣耀8X","1549.00","2800+","中益德诚手机专营店"
"华为荣耀8X","1249.00","2600+","佳沪手机旗舰店"
"华为荣耀8X","1549.00","1400+","炜东电商旗舰店"
"华为荣耀8X","1299.00","1000+","京铠玄手机旗舰店"
"华为荣耀8X","1289.00","1000+","众盛手机专营店"
"华为荣耀8X","899.00","800+","时器数码旗舰店"
"华为荣耀8X","898.00","800+","伟德手机专营店"
"华为荣耀8X","1359.00","700+","爱优创杰手机旗舰店"
"华为荣耀8X","898.00","600+","优爱特手机专营店"
"华为荣耀8X","1229.00","600+","华信通手机专营店"
"华为荣耀8X","1245.00","600+","淘金手机专营店"
"华为畅享9 Plus","1099.00","1800+","京铠玄手机旗舰店"
"华为畅享9 Plus","1229.00","1800+","君问手机旗舰店"
"华为畅享9 Plus","1499.00","1800+","中国移动手机官方旗舰店"
"华为畅享9 Plus","1149.00","1700+","福气多多手机旗舰店"
"华为畅享9 Plus","1229.00","1600+","欧霖爵手机旗舰店"
"华为畅享9 Plus","1399.00","1500+","鹏路网络手机旗舰店"
"华为畅享9 Plus","825.00","1400+","牧申手机旗舰店"
"华为畅享9 Plus","1218.00","1400+","淘金手机专营店"
"诺基亚105","139.00","1700+","飞鸿手机专营店"
"诺基亚105","139.00","1700+","乐天惠通手机旗舰店"
"诺基亚105","139.00","1600+","银河信业手机专营店"
"诺基亚105","139.00","1300+","明日数码旗舰店"
"诺基亚105","79.00","1000+","零度二手商品专营店"
"诺基亚105","149.00","500+","量黑手机专营店"
"诺基亚105","119.00","400+","辉煌二手商品专营店"
"诺基亚105","159.00","300+","聚捷联盛手机旗舰店"
"诺基亚105","149.00","300+","沃晟手机专营店"
"诺基亚105","149.00","200+","杰百兴手机通讯专营店"
"诺基亚105","159.00","200+","量黑手机专营店"
"诺基亚105","149.00","200+","易销科技手机专营店"
"华为P30 Pro","3388.00","1200+","君问手机旗舰店"
"华为P30 Pro","3399.00","1200+","泰业优品二手手机旗舰店"
"华为P30 Pro","4488.00","1100+","头号卖家旗舰店"
"小米Redmi K20 Pro","2699.00","100+","佳沪手机旗舰店"
"小米Redmi K20 Pro","1768.00","100+","炜东电商旗舰店"
"小米Redmi K20 Pro","2678.00","100+","谷高数码手机专营店"
"小米Redmi K20 Pro","2178.00","80+","华信通手机专营店"
"华为荣耀9X","1799.00","900+","茄子手机旗舰店"
"华为荣耀9X","2199.00","800+","佳沪手机旗舰店"
"华为荣耀9X","1999.00","700+","OKSJ手机旗舰店"
"华为荣耀9X","1938.00","600+","聚捷联盛手机旗舰店"
"华为荣耀9X","1939.00","600+","天翼电信旗舰店"
"华为荣耀20","2209.80","4000+","疆界互联旗舰店"
"华为荣耀20","888.00","3900+","京铠玄手机旗舰店"
"华为荣耀20","2499.00","3800+","佳沪手机旗舰店"
"华为荣耀20","1899.00","3700+","炜东电商旗舰店"
"华为荣耀20","998.00","3200+","中益德诚手机专营店"
"华为荣耀8X","1549.00","600+","众宇通手机专营店"
"华为荣耀8X","1099.00","400+","君问手机旗舰店"
"华为荣耀8X","1049.00","300+","千瑞达手机旗舰店"
"华为荣耀8X","1699.00","300+","北百手机旗舰店"
"华为荣耀8X","1018.00","300+","牧申手机旗舰店"
"华为荣耀8X","1253.00","300+","华信通手机专营店"
"华为荣耀8X","1299.00","200+","鹏瑶旗舰店"
"小米红米Note7","949.00","101万+","小米京东自营旗舰店"
"AppleiPhone7 Plus","3499.00","109万+","Apple产品京东自营旗舰店"
"AppleiPhone7","3499.00","109万+","Apple产品京东自营旗舰店"
"华为荣耀V20","1699.80","1.1万+","疆界互联旗舰店"
"小米红米6","2099.00","137万+","小米京东自营旗舰店"
"AppleiPhone 11","49.00","9.7万+","网易智造京东自营旗舰店"
"诺基亚105","169.00","200+","酷风行手机旗舰店"
"华为荣耀20","2599.00","2900+","天翼电信旗舰店"
"华为荣耀20","2349.00","2900+","疆界互联旗舰店"
"华为荣耀20","1899.00","2800+","新松联手机旗舰店"
"华为荣耀20","1899.00","2800+","掌视界数码旗舰店"
"华为荣耀20","1399.00","2600+","新松联手机旗舰店"
"华为荣耀20","1699.00","2500+","OKSJ手机旗舰店"
"华为荣耀20i","1089.00","71万+","荣耀京东自营旗舰店"
"小米红米Note7","926.00","1.9万+","佳沪手机旗舰店"
"小米红米Note7","1045.00","1.2万+","佳沪手机旗舰店"
"小米红米Note7","1048.00","6700+","同达丰手机旗舰店"
"小米红米Note7","1049.00","5300+","新松联手机旗舰店"
"小米红米Note7","919.00","3900+","新松联手机旗舰店"
"小米红米Note7","1065.00","3600+","宏图手机专营店"
"小米红米Note7","1038.00","3300+","明日数码旗舰店"
"小米红米Note7","1038.00","3100+","疆界互联旗舰店"
"小米红米Note7","958.00","2400+","明日数码旗舰店"
"小米红米Note7","1095.00","1600+","掌视界数码旗舰店"
"小米红米Note7","948.00","1400+","伟德手机专营店"
"小米红米Note7","979.00","1400+","鹏瑶旗舰店"
"AppleiPhone7 Plus","1888.00","2.4万+","好机汇二手商品专营店"
"AppleiPhone7 Plus","1146.00","2.4万+","经典二手商品专营店"
"AppleiPhone7 Plus","2539.00","2.4万+","经典二手商品专营店"
"AppleiPhone7 Plus","2758.00","1.8万+","佳沪手机旗舰店"
"AppleiPhone7 Plus","489.00","1.8万+","全美优品二手商品专营店"
"AppleiPhone7 Plus","999.00","1.6万+","经典二手商品专营店"
"AppleiPhone7 Plus","1818.00","1.3万+","翱行二手商品专营店"
"AppleiPhone7 Plus","3418.00","1.1万+","新松联手机旗舰店"
"AppleiPhone7 Plus","1806.00","1.1万+","扬帆二手商品专营店"
"AppleiPhone7 Plus","2689.00","1.1万+","翱行二手商品专营店"
"AppleiPhone7 Plus","1896.00","1万+","扬帆二手商品专营店"
"AppleiPhone7","2899.00","106万+","Apple产品京东自营旗舰店"
"AppleiPhone7","1399.00","2.7万+","经典二手商品专营店"
"AppleiPhone7","1888.00","2.4万+","好机汇二手商品专营店"
"AppleiPhone7","3199.00","2.4万+","经典二手商品专营店"
"AppleiPhone7","1146.00","2.4万+","经典二手商品专营店"
"AppleiPhone7","2539.00","2.4万+","经典二手商品专营店"
"AppleiPhone7","2559.00","2.3万+","经典二手商品专营店"
"AppleiPhone7","3537.00","1.9万+","可多优品二手手机专营店"
"AppleiPhone7","2758.00","1.8万+","佳沪手机旗舰店"
"AppleiPhone7","489.00","1.8万+","全美优品二手商品专营店"
"AppleiPhone7","1286.00","1.7万+","扬帆二手商品专营店"
"AppleiPhone7","999.00","1.6万+","经典二手商品专营店"
"AppleiPhone7","1439.00","1.4万+","扬帆二手商品专营店"
"华为荣耀V20","1899.00","8300+","佳沪手机旗舰店"
"华为荣耀V20","1899.00","3700+","炜东电商旗舰店"
"华为荣耀V20","1899.00","2800+","新松联手机旗舰店"
"华为荣耀V20","1899.00","2800+","掌视界数码旗舰店"
"华为荣耀V20","1699.00","2500+","OKSJ手机旗舰店"
"华为荣耀V20","1919.00","1600+","鹏瑶旗舰店"
"华为荣耀V20","1969.00","1400+","同达丰手机旗舰店"
"华为荣耀V20","1878.00","1400+","京联通达旗舰店"
"华为荣耀V20","1866.00","1100+","聚捷联盛手机旗舰店"
"华为荣耀V20","1699.00","900+","千瑞达手机旗舰店"
"华为荣耀V20","1799.00","800+","优爱特手机专营店"
"华为荣耀V20","1718.00","400+","伟德手机专营店"
"小米红米6","949.00","106万+","小米京东自营旗舰店"
"小米红米6","549.00","99万+","小米京东自营旗舰店"
"小米红米6","649.00","82万+","小米京东自营旗舰店"
"小米红米6","1999.00","56万+","小米京东自营旗舰店"
"小米红米6","2299.00","46万+","小米京东自营旗舰店"
"小米红米6","1299.00","33万+","小米京东自营旗舰店"
"小米红米6","1399.00","32万+","小米京东自营旗舰店"
"小米红米6","1799.00","27万+","小米京东自营旗舰店"
"小米红米6","1699.00","11万+","小米京东自营旗舰店"
"小米红米6","2399.00","11万+","小米京东自营旗舰店"
"小米红米6","1699.00","3万+","小米京东自营旗舰店"
"小米红米6","926.00","1.9万+","佳沪手机旗舰店"
"AppleiPhone 11","29.90","9.1万+","ISIDO数码旗舰店"
"AppleiPhone 11","5548.00","7万+","Apple产品京东自营旗舰店"
"AppleiPhone 11","6898.00","7万+","Apple产品京东自营旗舰店"
"AppleiPhone 11","39.00","5.8万+","ESCASE京东自营旗舰店"
"AppleiPhone 11","47.50","5.8万+","安优购数码专营店"
"AppleiPhone 11","268.00","4.7万+","UAG京东自营旗舰店"
"AppleiPhone 11","29.00","4.2万+","江铭数码旗舰店"
"AppleiPhone 11","78.80","4万+","SUPCASE旗舰店"
"AppleiPhone 11","5188.00","3.8万+","佳沪手机旗舰店"
"AppleiPhone 11","31.80","3.3万+","简美官方旗舰店"
"AppleiPhone 11","5908.00","3.2万+","中国移动手机官方旗舰店"
"诺基亚105","149.00","100+","掌视界数码旗舰店"
"诺基亚105","159.00","100+","宇航手机专营店"
"华为荣耀20i","2189.00","69万+","荣耀京东自营旗舰店"
"华为荣耀20i","2689.00","18万+","荣耀京东自营旗舰店"
"华为荣耀20i","999.40","1.3万+","京铠玄手机旗舰店"
"华为荣耀20i","1699.80","1.1万+","疆界互联旗舰店"
"小米红米Note7","928.00","1300+","华信通手机专营店"
"小米红米Note7","1049.00","1300+","聚捷联盛手机旗舰店"
"小米红米Note7","1059.00","800+","牧申手机旗舰店"
"小米红米Note7","1045.00","800+","茄子手机旗舰店"
"小米红米Note7","1099.00","700+","鹏瑶旗舰店"
"小米红米Note7","1048.00","600+","华信通手机专营店"
"小米红米Note7","968.00","500+","众盛手机专营店"
"小米红米Note7","1048.00","500+","谷高数码手机专营店"
"小米红米Note7","1038.00","400+","伟德手机专营店"
"小米红米Note7","1065.00","300+","淘金手机专营店"
"小米红米Note7","1299.00","300+","弘朝数码旗舰店"
"AppleiPhone7 Plus","1756.00","1万+","马上优品二手商品旗舰店"
"AppleiPhone7 Plus","1619.00","1万+","经典二手商品专营店"
"AppleiPhone7 Plus","668.00","9400+","翱行二手商品专营店"
"AppleiPhone7 Plus","3428.00","9000+","佳沪手机旗舰店"
"AppleiPhone7 Plus","2169.00","8600+","扬帆二手商品专营店"
"AppleiPhone7 Plus","1839.00","8300+","万城优品二手手机专营店"
"AppleiPhone7 Plus","2538.00","8100+","好机汇二手商品专营店"
"AppleiPhone7 Plus","1799.00","7700+","发动机优品二手手机专营店"
"AppleiPhone7 Plus","898.00","7200+","翱行二手商品专营店"
"AppleiPhone7 Plus","768.00","6500+","闪搜二手手机专营店"
"AppleiPhone7 Plus","1999.00","6200+","泰业优品二手手机旗舰店"
"AppleiPhone7 Plus","1798.00","5900+","全美优品二手商品专营店"
"AppleiPhone7","1818.00","1.3万+","翱行二手商品专营店"
"AppleiPhone7","3699.00","1.3万+","翱行二手商品专营店"
"AppleiPhone7","3279.00","1.3万+","翱行二手商品专营店"
"AppleiPhone7","1388.00","1.2万+","可多优品二手手机专营店"
"AppleiPhone7","3398.00","1.2万+","翱行二手商品专营店"
"AppleiPhone7","3418.00","1.1万+","新松联手机旗舰店"
"AppleiPhone7","1806.00","1.1万+","扬帆二手商品专营店"
"AppleiPhone7","2689.00","1.1万+","翱行二手商品专营店"
"AppleiPhone7","2788.00","1.1万+","新松联手机旗舰店"
"AppleiPhone7","1896.00","1万+","扬帆二手商品专营店"
"AppleiPhone7","779.00","1万+","马顺二手商品专营店"
"AppleiPhone7","1756.00","1万+","马上优品二手商品旗舰店"
"华为荣耀V20","2099.00","300+","爱优创杰手机旗舰店"
"华为荣耀V20","1738.00","300+","淘金手机专营店"
"华为荣耀V20","1999.00","300+","京铠玄手机旗舰店"
"华为荣耀V20","2399.00","200+","中国移动手机官方旗舰店"
"华为荣耀V20","1899.00","200+","华信通手机专营店"
"华为荣耀V20","2049.00","200+","君问手机旗舰店"
"华为荣耀V20","2399.00","200+","众宇通手机专营店"
"华为荣耀V20","2099.00","200+","中益德诚手机专营店"
"华为荣耀V20","2399.00","100+","茄子手机旗舰店"
"华为荣耀V20","2399.00","100+","众宇通手机专营店"
"华为荣耀V20","2399.00","100+","银河信业手机专营店"
"华为荣耀V20","2399.00","100+","优品美手机专营店"
"华为荣耀V20","1799.00","90+","久汇通官方旗舰店"
"华为荣耀V20","2399.00","90+","常开泰达手机专营店"
"小米红米6","1045.00","1.2万+","佳沪手机旗舰店"
"小米红米6","618.00","1.1万+","弘朝数码旗舰店"
"小米红米6","555.00","9100+","疆界互联旗舰店"
"小米红米6","569.00","7300+","明日数码旗舰店"
"小米红米6","1997.90","7200+","小米京东自营旗舰店"
"小米红米6","1048.00","6700+","同达丰手机旗舰店"
"小米红米6","529.00","6500+","佳沪手机旗舰店"
"小米红米6","1049.00","5300+","新松联手机旗舰店"
"小米红米6","1298.00","5200+","佳沪手机旗舰店"
"小米红米6","559.00","5200+","掌视界数码旗舰店"
"小米红米6","638.00","5200+","众盛手机专营店"
"AppleiPhone 11","329.00","2.9万+","Apple产品京东自营旗舰店"
"AppleiPhone 11","39.90","2.8万+","瓦力（valea）京东自营旗舰店"
"AppleiPhone 11","26.90","2.7万+","KEKLLE京东自营旗舰店"
"AppleiPhone 11","25.00","2.3万+","网易智造京东自营旗舰店"
"AppleiPhone 11","58.00","2.3万+","东来也京东自营旗舰店"
"AppleiPhone 11","24.80","2.3万+","闪魔旗舰店"
"AppleiPhone 11","28.00","2.2万+","弘展发手机配件专营店"
"AppleiPhone 11","52.00","2.1万+","彩声数码3c配件专营店"
"AppleiPhone 11","369.00","1.9万+","UAG京东自营旗舰店"
"AppleiPhone 11","5138.00","1.8万+","同达丰手机旗舰店"
"AppleiPhone 11","498.00","1.8万+","UAG京东自营旗舰店"
"AppleiPhone 11","26.80","1.8万+","江然旗舰店"
"华为荣耀20i","999.80","9000+","疆界互联旗舰店"
"华为荣耀20i","999.00","7500+","掌视界数码旗舰店"
"华为荣耀20i","946.00","7400+","炜东电商旗舰店"
"华为荣耀20i","999.00","4800+","佳沪手机旗舰店"
"华为荣耀20i","919.00","3900+","京铠玄手机旗舰店"
"华为荣耀20i","2579.00","4000+","疆界互联旗舰店"
"华为荣耀20i","1219.00","3200+","中益德诚手机专营店"
"华为荣耀20i","2349.00","2900+","疆界互联旗舰店"
"华为荣耀20i","1399.00","2600+","新松联手机旗舰店"
"华为荣耀20i","999.00","2300+","千瑞达手机旗舰店"
"小米红米Note7","1038.00","200+","炜东电商旗舰店"
"小米红米Note7","999.00","200+","时器数码旗舰店"
"小米红米Note7","1499.00","200+","弘朝数码旗舰店"
"小米红米Note7","1159.00","200+","疆界互联旗舰店"
"小米红米Note7","1099.00","200+","时器数码旗舰店"
"AppleiPhone7 Plus","3379.00","5800+","全美优品二手商品专营店"
"AppleiPhone7 Plus","2088.00","5000+","马上优品二手商品旗舰店"
"AppleiPhone7 Plus","1438.00","4300+","福汇优品二手手机专营店"
"AppleiPhone7 Plus","1789.00","4300+","可多优品二手手机专营店"
"AppleiPhone7","1619.00","1万+","经典二手商品专营店"
"AppleiPhone7","1029.00","9800+","发动机优品二手手机专营店"
"AppleiPhone7","1338.00","9500+","经典二手商品专营店"
"AppleiPhone7","668.00","9400+","翱行二手商品专营店"
"华为荣耀V20","1739.00","90+","众盛手机专营店"
"华为荣耀V20","1799.00","90+","明日数码旗舰店"
"小米红米6","1018.00","3900+","佳沪手机旗舰店"
"小米红米6","1188.00","3900+","疆界互联旗舰店"
"小米红米6","919.00","3900+","新松联手机旗舰店"
"小米红米6","1065.00","3600+","宏图手机专营店"
"小米红米6","2699.00","3400+","明日数码旗舰店"
"AppleiPhone 11","29.00","1.8万+","MKING旗舰店"
"AppleiPhone 11","88.00","1.6万+","港恩手机配件专营店"
"AppleiPhone 11","25.00","1.6万+","技光京东自营旗舰店"
"华为荣耀20i","999.00","2100+","众盛手机专营店"
"AppleiPhone7 Plus","998.00","4000+","翱行二手商品专营店"
"AppleiPhone7 Plus","1789.00","3900+","瓜子二手商品专营店"
"华为荣耀20i","1499.00","1700+","牧申手机旗舰店"
"华为荣耀20i","999.00","1600+","聚捷联盛手机旗舰店"
"华为荣耀20i","999.00","1400+","众宇通手机专营店"
"华为荣耀20i","999.00","1200+","OKSJ手机旗舰店"
"华为荣耀20i","999.00","1100+","佳沪手机旗舰店"
"华为荣耀20i","1099.00","1100+","易销科技手机专营店"
"华为荣耀20i","1299.00","900+","东呵东手机专营店"
"华为荣耀20i","1999.00","800+","优爱特手机专营店"
"华为荣耀20i","1799.00","700+","京合旗舰店"
"华为荣耀20i","1499.80","600+","疆界互联旗舰店"
"华为荣耀20i","999.00","600+","伟德手机专营店"
"华为荣耀20i","1799.00","600+","明日数码旗舰店"
"华为荣耀20i","1799.00","600+","茄子手机旗舰店"
"华为荣耀20i","999.00","500+","冰之凯盛手机专营店"
"飞利浦E258S","169.00","18万+","null"
"飞利浦E258S","159.00","1.1万+","null"
"飞利浦E258S","180.00","400+","湘桂发手机专营店"
"飞利浦E258S","178.00","100+","金诚手机专营店"
"飞利浦E258S","169.00","100+","深圳有福手机专营店"
"飞利浦E258S","169.00","90+","黑蜂手机通讯专营店"
"飞利浦E258S","168.00","30+","远帆洋手机数码专营店"
"飞利浦E258S","178.00","20+","金诚腾达手机专营店"
"飞利浦E258S","168.00","10+","致诚信达数码专营店"
"飞利浦E258S","159.00","5","老人手机旗舰店"
"飞利浦E258S","203.00","0","诺必信手机通讯专营店"
"飞利浦E258S","179.00","0","酷威手机专营店"
"飞利浦E258S","233.00","0","形派手机旗舰店"
"vivo iQOO","2098.00","21万+","vivo京东自营官方旗舰店"
"华为华为荣耀20","1089.00","71万+","荣耀京东自营旗舰店"
"AppleiPhone XS Max","7199.00","112万+","Apple产品京东自营旗舰店"
"一加7","3899.00","36万+","一加手机京东自营官方旗舰店"
"vivo iQOO","2098.00","13万+","vivo京东自营官方旗舰店"
"vivo iQOO","3498.00","11万+","vivo京东自营官方旗舰店"
"vivo iQOO","2498.00","8.4万+","vivo京东自营官方旗舰店"
"vivo iQOO","2298.00","5.1万+","vivo官方旗舰店"
"vivo iQOO","2498.00","4.2万+","vivo官方旗舰店"
"华为华为荣耀20","2189.00","69万+","荣耀京东自营旗舰店"
"华为华为荣耀20","1499.00","19万+","荣耀京东自营旗舰店"
"华为华为荣耀20","2689.00","18万+","荣耀京东自营旗舰店"
"华为华为荣耀20","1089.00","3.9万+","荣耀京东自营旗舰店"
"华为华为荣耀20","999.40","1.3万+","京铠玄手机旗舰店"
"华为华为荣耀20","1699.80","1.1万+","疆界互联旗舰店"
"AppleiPhone XS Max","9998.00","7.4万+","Apple产品京东自营旗舰店"
"AppleiPhone XS Max","3537.00","1.9万+","可多优品二手手机专营店"
"AppleiPhone XS Max","6799.00","1.8万+","佳沪手机旗舰店"
"AppleiPhone XS Max","3988.00","1.6万+","翱行二手商品专营店"
"一加7","2999.00","21万+","一加手机京东自营官方旗舰店"
"一加7","3999.00","15万+","一加手机京东自营官方旗舰店"
"一加7","4199.00","15万+","一加手机京东自营官方旗舰店"
"一加7","5199.00","15万+","一加手机京东自营官方旗舰店"
"一加7","3999.00","14万+","一加手机京东自营官方旗舰店"
"一加7","3669.00","14万+","一加手机京东自营官方旗舰店"
"vivo iQOO","4098.00","3.1万+","vivo京东自营官方旗舰店"
"华为华为荣耀20","999.80","9000+","疆界互联旗舰店"
"华为华为荣耀20","1899.00","8300+","佳沪手机旗舰店"
"华为华为荣耀20","999.00","7500+","掌视界数码旗舰店"
"华为华为荣耀20","946.00","7400+","炜东电商旗舰店"
"华为华为荣耀20","1349.00","6400+","福气多多手机旗舰店"
"华为华为荣耀20","1499.00","6300+","新松联手机旗舰店"
"华为华为荣耀20","1299.00","5100+","OKSJ手机旗舰店"
"华为华为荣耀20","999.00","4800+","佳沪手机旗舰店"
"华为华为荣耀20","2499.00","4400+","新松联手机旗舰店"
"华为华为荣耀20","1188.00","4300+","佳沪手机旗舰店"
"华为华为荣耀20","2399.00","4200+","天翼电信旗舰店"
"AppleiPhone XS Max","3699.00","1.3万+","翱行二手商品专营店"
"AppleiPhone XS Max","3279.00","1.3万+","翱行二手商品专营店"
"AppleiPhone XS Max","3398.00","1.2万+","翱行二手商品专营店"
"AppleiPhone XS Max","2479.00","1.1万+","万城优品二手手机专营店"
"AppleiPhone XS Max","3086.00","9700+","万城优品二手手机专营店"
"AppleiPhone XS Max","5868.00","9000+","新松联手机旗舰店"
"AppleiPhone XS Max","1839.00","8300+","万城优品二手手机专营店"
"AppleiPhone XS Max","5488.00","6600+","XINKE海外专营店"
"AppleiPhone XS Max","5488.00","6500+","XINKE海外专营店"
"一加7","3669.00","7.9万+","一加手机京东自营官方旗舰店"
"一加7","3199.00","7.4万+","一加手机京东自营官方旗舰店"
"一加7","4559.00","7.9万+","一加手机京东自营官方旗舰店"
"一加7","4699.00","1.8万+","一加手机京东自营官方旗舰店"
"一加7","5029.00","1.6万+","一加手机京东自营官方旗舰店"
"一加7","5469.00","8200+","一加手机京东自营官方旗舰店"
"一加7","3998.00","1700+","牧申手机旗舰店"
"一加7","3299.00","1300+","疆界互联旗舰店"
"一加7","3299.00","700+","牧申手机旗舰店"
"一加7","4999.00","700+","顺电手机旗舰店"
"vivo iQOO","2098.00","1.5万+","vivo官方旗舰店"
"vivo iQOO","2298.00","8000+","vivo官方旗舰店"
"vivo iQOO","2898.00","6800+","vivo京东自营官方旗舰店"
"vivo iQOO","3798.00","5600+","vivo官方旗舰店"
"vivo iQOO","3198.00","4000+","vivo官方旗舰店"
"vivo iQOO","3498.00","4000+","vivo兰珊专卖店"
"vivo iQOO","2598.00","3400+","vivo京东自营官方旗舰店"
"vivo iQOO","3798.00","3200+","vivo耀诚鑫专卖店"
"vivo iQOO","3218.00","2000+","vivo智美专卖店"
"vivo iQOO","2498.00","1300+","vivo耀诚鑫专卖店"
"vivo iQOO","2998.00","1200+","vivo官方旗舰店"
"vivo iQOO","2498.00","1000+","vivo兰珊专卖店"
"vivo iQOO","2298.00","700+","vivo智美专卖店"
"vivo iQOO","2098.00","500+","vivo兰珊专卖店"
"vivo iQOO","3998.00","500+","vivo京东自营官方旗舰店"
"vivo iQOO","2798.00","400+","vivo官方旗舰店"
"华为华为荣耀20","2209.80","4000+","疆界互联旗舰店"
"华为华为荣耀20","888.00","3900+","京铠玄手机旗舰店"
"华为华为荣耀20","2499.00","3800+","佳沪手机旗舰店"
"华为华为荣耀20","1899.00","3700+","炜东电商旗舰店"
"华为华为荣耀20","998.00","3200+","中益德诚手机专营店"
"华为华为荣耀20","2599.00","2900+","天翼电信旗舰店"
"华为华为荣耀20","2349.00","2900+","疆界互联旗舰店"
"华为华为荣耀20","1899.00","2800+","新松联手机旗舰店"
"华为华为荣耀20","1899.00","2800+","掌视界数码旗舰店"
"华为华为荣耀20","1399.00","2600+","新松联手机旗舰店"
"华为华为荣耀20","1699.00","2500+","OKSJ手机旗舰店"
"AppleiPhone XS Max","5399.00","6100+","泰业优品二手手机旗舰店"
"AppleiPhone XS Max","1399.00","5900+","万城优品二手手机专营店"
"AppleiPhone XS Max","3379.00","5800+","全美优品二手商品专营店"
"AppleiPhone XS Max","3638.00","5600+","福汇优品二手手机专营店"
"AppleiPhone XS Max","4549.00","5400+","扬帆二手商品专营店"
"AppleiPhone XS Max","4428.00","3500+","翱行二手商品专营店"
"AppleiPhone XS Max","4569.00","3500+","万城优品二手手机专营店"
"AppleiPhone XS Max","2599.00","3200+","万城优品二手手机专营店"
"AppleiPhone XS Max","5848.00","3100+","马上优品二手商品旗舰店"
"AppleiPhone XS Max","1888.00","3100+","福汇优品二手手机专营店"
"AppleiPhone XS Max","3499.00","3100+","万城优品二手手机专营店"
"AppleiPhone XS Max","6839.00","3000+","疆界互联旗舰店"
"华为荣耀Magic2","1689.00","21万+","荣耀京东自营旗舰店"
"一加7","4599.00","300+","疆界互联旗舰店"
"一加7","2999.00","300+","疆界互联旗舰店"
"一加7","3999.00","200+","疆界互联旗舰店"
"一加7","5299.00","100+","牧申手机旗舰店"
"一加7","5299.00","90+","疆界互联旗舰店"
"一加7","3199.00","20+","顺电旗舰店"
"一加7","4699.00","10+","新疆电信官方旗舰店"
"一加7","3148.00","0","新疆电信官方旗舰店"
"一加7","4199.00","0","null"
"一加7","4199.00","0","null"
"小米CC9e","1049.00","24万+","小米京东自营旗舰店"
"OPPOA5","699.00","21万+","OPPO京东自营官方旗舰店"
"vivo iQOO","3198.00","400+","vivo智美专卖店"
"AppleiPhone XS Max","785.00","2800+","万城优品二手手机专营店"
"AppleiPhone XS Max","3599.00","2800+","泰业优品二手手机旗舰店"
"AppleiPhone XS Max","6898.00","2800+","同达丰手机旗舰店"
"AppleiPhone XS Max","4928.00","2700+","XINKE海外专营店"
"华为荣耀Magic2","1808.00","4300+","华信通手机专营店"
"华为荣耀Magic2","1859.00","3300+","同达丰手机旗舰店"
"华为荣耀Magic2","1829.00","2700+","牧申手机旗舰店"
"华为荣耀Magic2","1788.00","2200+","聚捷联盛手机旗舰店"
"华为荣耀Magic2","1848.00","1800+","京铠玄手机旗舰店"
"华为荣耀Magic2","2349.00","1800+","掌视界数码旗舰店"
"华为荣耀Magic2","1855.00","1700+","京联通达旗舰店"
"华为荣耀Magic2","1829.80","1100+","疆界互联旗舰店"
"华为荣耀Magic2","1829.00","1100+","新松联手机旗舰店"
"华为荣耀Magic2","1799.00","800+","炜东电商旗舰店"
"华为荣耀Magic2","1858.00","800+","优爱特手机专营店"
"华为荣耀Magic2","2599.00","400+","爱优创杰手机旗舰店"
"小米CC9e","999.00","8.2万+","小米京东自营旗舰店"
"小米CC9e","999.00","6.7万+","小米京东自营旗舰店"
"小米CC9e","1099.00","1600+","疆界互联旗舰店"
"小米CC9e","1108.00","1200+","掌视界数码旗舰店"
"小米CC9e","1328.00","1100+","佳沪手机旗舰店"
"小米CC9e","1109.00","500+","聚捷联盛手机旗舰店"
"小米CC9e","1088.00","400+","华信通手机专营店"
"小米CC9e","998.00","400+","明日数码旗舰店"
"小米CC9e","1068.00","400+","同达丰手机旗舰店"
"OPPOA5","1349.00","4.1万+","OPPO京东自营官方旗舰店"
"OPPOA5","899.00","2.1万+","OPPO酷炫手机专卖店"
"OPPOA5","699.00","2.1万+","OPPO酷炫手机专卖店"
"OPPOA5","699.00","2.1万+","OPPO酷炫手机专卖店"
"OPPOA5","899.00","1.9万+","OPPO手机乐良专卖店"
"OPPOA5","699.00","1.9万+","OPPO手机乐良专卖店"
"OPPOA5","1199.00","1.9万+","OPPO手机乐良专卖店"
"OPPOA5","1199.00","1.1万+","OPPO官方直营旗舰店"
"OPPOA5","899.00","1.1万+","OPPO官方直营旗舰店"
"OPPOA5","699.00","1万+","OPPO官方直营旗舰店"
"OPPOA5","999.00","9600+","牧申手机旗舰店"
"OPPOA5","699.00","9500+","OPPO优品专卖店"
"vivo iQOO","2898.00","300+","vivo耀诚鑫专卖店"
"vivo iQOO","2098.00","300+","vivo兰珊专卖店"
"vivo iQOO","2298.00","300+","vivo智美专卖店"
"vivo iQOO","3098.00","300+","vivo智美专卖店"
"vivo iQOO","3198.00","80+","vivo兰珊专卖店"
"vivo iQOO","3498.00","70+","中国移动手机官方旗舰店"
"华为荣耀Note10","1799.00","23万+","荣耀京东自营旗舰店"
"华为荣耀Magic2","1899.00","400+","久汇通官方旗舰店"
"华为荣耀Magic2","1799.00","300+","易销科技手机专营店"
"华为荣耀Magic2","1889.00","300+","中国移动手机官方旗舰店"
"华为荣耀Magic2","1988.00","200+","众盛手机专营店"
"华为荣耀Magic2","1758.00","200+","华信通手机专营店"
"华为荣耀Magic2","2038.00","200+","银河信业手机专营店"
"华为荣耀Magic2","1798.00","200+","谷高数码手机专营店"
"小米CC9e","1699.00","300+","新松联手机旗舰店"
"小米CC9e","1088.00","200+","伟德手机专营店"
"小米CC9e","1088.00","200+","淘金手机专营店"
"小米CC9e","998.00","200+","茄子手机旗舰店"
"小米CC9e","1128.00","100+","谷高数码手机专营店"
"小米CC9e","1198.00","100+","天域手机专营店"
"小米CC9e","1088.00","80+","鹏瑶旗舰店"
"小米CC9e","1199.00","60+","华伟手机专营店"
"小米CC9e","1168.00","60+","银河信业手机专营店"
"小米CC9e","1099.00","40+","冰之凯盛手机专营店"
"小米CC9e","1099.00","40+","易销科技手机专营店"
"OPPOA5","699.00","9500+","OPPO优品专卖店"
"OPPOA5","899.00","9500+","OPPO优品专卖店"
"OPPOA5","899.00","9500+","OPPO优品专卖店"
"OPPOA5","1199.00","8900+","OPPO墨白专卖店"
"OPPOA5","1199.00","8900+","OPPO墨白专卖店"
"OPPOA5","899.00","8900+","OPPO墨白专卖店"
"OPPOA5","1199.00","8900+","OPPO墨白专卖店"
"OPPOA5","799.00","8300+","OPPO酷炫手机专卖店"
"OPPOA5","1799.00","6300+","OPPO优品专卖店"
"OPPOA5","699.00","4600+","牧申手机旗舰店"
"OPPOA5","699.00","3400+","牧申手机旗舰店"
"OPPOA5","699.00","1500+","OPPO盈毅手机专卖店"
"OPPOA5","1199.00","800+","头号卖家旗舰店"
"华为荣耀Note10","1366.00","4300+","疆界互联旗舰店"
"华为荣耀Note10","1386.00","1600+","掌视界数码旗舰店"
"华为荣耀Note10","1388.00","1300+","牧申手机旗舰店"
"华为荣耀Note10","1368.00","800+","茄子手机旗舰店"
"华为荣耀Note10","1366.00","700+","京铠玄手机旗舰店"
"华为荣耀Note10","1349.00","500+","聚捷联盛手机旗舰店"
"华为荣耀Note10","1358.00","400+","炜东电商旗舰店"
"华为荣耀Note10","1348.00","400+","华信通手机专营店"
"华为荣耀Magic2","1798.00","100+","淘金手机专营店"
"华为荣耀Magic2","2699.00","100+","银河信业手机专营店"
"华为荣耀Magic2","1838.00","100+","伟德手机专营店"
"华为荣耀Magic2","2399.00","80+","量黑手机专营店"
"华为荣耀Magic2","1888.00","70+","鹏瑶旗舰店"
"华为荣耀Magic2","1899.00","70+","天域手机专营店"
"华为荣耀Magic2","2449.00","60+","时器数码旗舰店"
"华为荣耀Magic2","2799.00","50+","华伟手机专营店"
"华为荣耀Magic2","1899.00","50+","君问手机旗舰店"
"华为荣耀Magic2","1899.00","50+","众宇通手机专营店"
"小米CC9e","1299.00","30+","京铠玄手机旗舰店"
"小米CC9e","1088.00","30+","优爱特手机专营店"
"小米CC9e","1148.00","20+","宏图手机专营店"
"OPPOA5","1799.00","600+","OPPO墨白专卖店"
"OPPOA5","699.00","500+","OPPO盈毅手机专卖店"
"OPPOA5","670.00","500+","悦粤二手商品专营店"
"OPPOA5","899.00","400+","OPPO手机乐良专卖店"
"华为荣耀Note10","1368.00","300+","淘金手机专营店"
"华为荣耀Note10","2699.00","100+","臻云商手机专营店"
"华为荣耀Note10","1499.00","100+","福气多多手机旗舰店"
"华为荣耀Note10","1288.00","100+","OKSJ手机旗舰店"
"华为荣耀Note10","1479.00","90+","爱优创杰手机旗舰店"
"小米CC9e","999.00","20+","头号卖家旗舰店"
"小米CC9e","999.00","20+","信通志远旗舰店"
"小米CC9e","1138.00","20+","宇航手机专营店"
"小米CC9e","1199.00","20+","中益德诚手机专营店"
"小米CC9e","1199.00","10+","沃晟手机专营店"
"小米CC9e","1109.00","10+","牧申手机旗舰店"
"华为荣耀Note10","1429.00","50+","众盛手机专营店"
"华为荣耀Note10","1799.00","50+","中邮展鸿手机专营店"
"华为荣耀Note10","1368.00","50+","伟德手机专营店"
"华为荣耀Note10","1399.00","40+","易销科技手机专营店"
"华为荣耀Note10","1399.00","40+","君问手机旗舰店"
"华为荣耀Note10","2299.00","20+","宇航手机专营店"
"华为荣耀Note10","2099.00","20+","佩娟手机专营店"
"华为荣耀Note10","1428.00","20+","冰之凯盛手机专营店"
"华为荣耀Note10","2199.00","10+","三杰时代手机专营店"
"华为荣耀Note10","2599.00","10+","星泰手机专营店"
"华为荣耀Note10","1798.00","10+","银河信业手机专营店"
"华为荣耀Note10","1370.00","9","华耀瑞隆手机旗舰店"
"华为荣耀Note10","1499.00","8","天域手机专营店"
"华为荣耀Note10","1899.00","8","易橙手机专营店"
"华为荣耀Note10","1389.00","8","时器数码旗舰店"
"华为荣耀Note10","1378.00","7","华飞手机专营店"
"尼凯恩（neken）EN3","129.00","17万+","尼凯恩手机旗舰店"
"尼凯恩（neken）EN3","129.00","1.9万+","尼凯恩手机旗舰店"
"尼凯恩（neken）EN3","99.00","1100+","秀碧手机专营店"
"尼凯恩（neken）EN3","129.00","800+","秀碧手机专营店"
"尼凯恩（neken）EN3","299.00","400+","尼凯恩京东自营旗舰店"
"尼凯恩（neken）EN3","99.00","10+","酷威手机专营店"
"尼凯恩（neken）EN3","139.00","10+","老人手机旗舰店"
"尼凯恩（neken）EN3","149.00","8","老人手机旗舰店"
"尼凯恩（neken）EN3","129.00","7","老人手机旗舰店"
"尼凯恩（neken）EN3","99.00","1","酷威手机专营店"
"尼凯恩（neken）EN3","99.00","1","老人手机旗舰店"
"Z5","1398.00","42万+","vivo京东自营官方旗舰店"
"尼凯恩（neken）EN3","99.00","0","老人手机旗舰店"
"尼凯恩（neken）EN3","119.00","0","老人手机旗舰店"
"Z5","1648.00","21万+","vivo京东自营官方旗舰店"
"Z5","748.00","19万+","联想手机京东自营官方旗舰店"
"Z5","1698.00","5万+","vivo官方旗舰店"
"Z5","1498.00","4.2万+","vivo官方旗舰店"
"Z5","1998.00","3.6万+","vivo京东自营官方旗舰店"
"Z5","1097.00","3.3万+","联想手机京东自营官方旗舰店"
"Z5","1598.00","2.9万+","vivo京东自营官方旗舰店"
"Z5","1598.00","2万+","vivo官方旗舰店"
"尼凯恩（neken）EN3","279.00","0","酷威手机专营店"
"尼凯恩（neken）EN3","129.00","0","酷威手机专营店"
"尼凯恩（neken）EN3","99.00","0","老人手机旗舰店"
"尼凯恩（neken）EN3","99.00","0","酷威手机专营店"
"Z5","1349.00","1.5万+","联想手机京东自营官方旗舰店"
"Z5","1598.00","1.3万+","vivo京东自营官方旗舰店"
"Z5","1798.00","4700+","vivo兰珊专卖店"
"Z5","1898.00","4300+","联想手机京东自营官方旗舰店"
"Z5","1298.00","3600+","vivo智美专卖店"
"Z5","1398.00","2000+","vivo耀诚鑫专卖店"
"Z5","759.00","1500+","鹏瑶旗舰店"
"Z5","189.00","1000+","京成手机专营店"
"Z5","748.00","900+","世云手机专营店"
"Z5","1698.00","700+","vivo官方旗舰店"
"Z5","1299.00","700+","世云手机专营店"
"Z5","1398.00","600+","vivo智美专卖店"
"Z5","2098.00","500+","vivo兰珊专卖店"
"Z5","1598.00","400+","vivo耀诚鑫专卖店"
"Z5","1039.00","200+","鹏瑶旗舰店"
"Z5","1799.00","100+","世云手机专营店"
"Z5","718.00","100+","伟德手机专营店"
"Z5","948.00","100+","世云手机专营店"
"Z5","768.00","90+","天域手机专营店"
"Z5","755.00","90+","新松联手机旗舰店"
"Z5","1488.00","90+","鹏瑶旗舰店"
"小米Max3","1299.00","20万+","小米京东自营旗舰店"
"小米Max3","978.00","3500+","掌视界数码旗舰店"
"小米Max3","1218.00","700+","淘金手机专营店"
"小米Max3","1219.00","600+","疆界互联旗舰店"
"小米Max3","968.00","600+","明日数码旗舰店"
"小米Max3","1099.00","600+","爱优创杰手机旗舰店"
"小米Max3","1999.00","500+","华信通手机专营店"
"小米Max3","968.00","400+","头号卖家旗舰店"
"小米Max3","1219.00","300+","聚捷联盛手机旗舰店"
"小米Max3","968.00","300+","鹏瑶旗舰店"
"小米Max3","1399.00","300+","久汇通官方旗舰店"
"小米Max3","1298.00","300+","天域手机专营店"
"小米Max3","630.00","200+","九九二手商品专营店"
"小米Max3","578.00","100+","创信誉二手商品专营店"
"小米Max3","499.00","100+","辰帆优品二手手机专营店"
"华为荣耀20S","1499.00","19万+","荣耀京东自营旗舰店"
"小米Max3","958.00","100+","伟德手机专营店"
"小米Max3","549.00","100+","同城帮二手商品专营店"
"华为荣耀20S","1999.00","1400+","掌视界数码旗舰店"
"华为荣耀20S","1999.00","900+","佳沪手机旗舰店"
"华为荣耀20S","1499.00","700+","新松联手机旗舰店"
"小米Max3","988.00","80+","鑫都二手手机专营店"
"小米Max3","728.00","60+","闪回二手商品专营店"
"小米Max3","1299.00","50+","沃晟手机专营店"
"小米Max3","1256.00","40+","时器数码旗舰店"
"小米Max3","1199.00","40+","万有手机专营店"
"小米Max3","789.00","30+","辰帆优品二手手机专营店"
"小米Max3","1299.00","30+","华荣信通手机专营店"
"小米Max3","1499.00","30+","星泰手机专营店"
"小米Max3","978.00","30+","创信誉二手商品专营店"
"小米Max3","999.00","30+","银河信业手机专营店"
"小米Max3","1099.00","30+","华伟手机专营店"
"小米Max3","1348.00","10+","弘朝数码旗舰店"
"华为荣耀20S","1499.00","600+","京铠玄手机旗舰店"
"华为荣耀20S","1499.80","600+","疆界互联旗舰店"
"华为荣耀20S","1999.00","600+","天翼电信旗舰店"
"小米Max3","1399.00","10+","迪信通手机专营店"
"魅族 16th Plus","1888.00","24万+","魅族京东自营旗舰店"
"小米Redmi Note8","999.00","33万+","小米京东自营旗舰店"
"华为荣耀20S","1729.00","400+","牧申手机旗舰店"
"华为荣耀20S","1729.00","200+","炜东电商旗舰店"
"华为荣耀20S","1718.00","200+","聚捷联盛手机旗舰店"
"小米Redmi Note8 Pro","1599.00","32万+","小米京东自营旗舰店"
"魅族 16th Plus","1858.00","4700+","佳沪手机旗舰店"
"魅族 16th Plus","1818.00","4100+","茄子手机旗舰店"
"魅族 16th Plus","1568.00","3300+","谷高数码手机专营店"
"魅族 16th Plus","1878.00","2600+","谷高数码手机专营店"
"魅族 16th Plus","1888.00","1200+","茄子手机旗舰店"
"小米Redmi Note8","1599.00","32万+","小米京东自营旗舰店"
"小米Redmi Note8","926.00","1.9万+","佳沪手机旗舰店"
"小米Redmi Note8","1045.00","1.2万+","佳沪手机旗舰店"
"小米Redmi Note8","1298.00","5200+","佳沪手机旗舰店"
"小米Redmi Note8","1018.00","3900+","佳沪手机旗舰店"
"小米Redmi Note8","1618.00","3900+","疆界互联旗舰店"
"小米Redmi Note8","1065.00","3600+","宏图手机专营店"
"小米Redmi Note8","1128.00","3000+","伟德手机专营店"
"华为荣耀20S","1499.00","100+","优品美手机专营店"
"华为荣耀20S","2009.00","100+","常开泰达手机专营店"
"华为荣耀20S","1549.00","100+","OKSJ手机旗舰店"
"华为荣耀20S","1779.00","100+","同达丰手机旗舰店"
"华为荣耀20S","1869.00","90+","中益德诚手机专营店"
"华为荣耀20S","1549.00","70+","京联通达旗舰店"
"华为荣耀20S","1599.00","70+","易销科技手机专营店"
"华为荣耀20S","1599.00","70+","茄子手机旗舰店"
"华为荣耀20S","2599.00","60+","普华手机专营店"
"华为Mate 30 Pro 5G","6899.00","4.8万+","华为京东自营官方旗舰店"
"小米Redmi Note8 Pro","1045.00","1.2万+","佳沪手机旗舰店"
"小米Redmi Note8 Pro","1298.00","5200+","佳沪手机旗舰店"
"小米Redmi Note8 Pro","1018.00","3900+","佳沪手机旗舰店"
"小米Redmi Note8 Pro","1618.00","3900+","疆界互联旗舰店"
"小米Redmi Note8 Pro","1065.00","3600+","宏图手机专营店"
"小米Redmi Note8 Pro","1128.00","3000+","伟德手机专营店"
"小米Redmi Note8 Pro","1298.00","2000+","伟德手机专营店"
"小米Redmi Note8 Pro","1458.00","1500+","京铠玄手机旗舰店"
"小米Redmi Note8 Pro","1408.00","1400+","茄子手机旗舰店"
"小米Redmi Note8 Pro","1479.90","1200+","京联通达旗舰店"
"小米Redmi Note8 Pro","1457.00","1100+","鹏瑶旗舰店"
"华为畅享8e青春","499.00","35万+","华为京东自营官方旗舰店"
"华为荣耀8X Max","1289.00","38万+","荣耀京东自营旗舰店"
"AppleiPhone XS","7199.00","112万+","Apple产品京东自营旗舰店"
"魅族 16th Plus","1989.00","1200+","掌视界数码旗舰店"
"小米Redmi Note8","1298.00","2000+","伟德手机专营店"
"小米Redmi Note8","1458.00","1500+","京铠玄手机旗舰店"
"小米Redmi Note8","1408.00","1400+","茄子手机旗舰店"
"小米Redmi Note8","1479.90","1200+","京联通达旗舰店"
"小米Redmi Note8","1457.00","1100+","鹏瑶旗舰店"
"小米Redmi Note8","1409.00","1000+","新松联手机旗舰店"
"小米Redmi Note8","1128.00","900+","京铠玄手机旗舰店"
"小米Redmi Note8","1448.00","900+","优爱特手机专营店"
"天语T2","79.00","35万+","天语手机京东自营官方旗舰店"
"华为荣耀20S","1599.00","50+","千瑞达手机旗舰店"
"华为荣耀20S","1699.00","40+","东呵东手机专营店"
"华为荣耀20S","1738.00","40+","伟德手机专营店"
"华为荣耀20S","1999.00","40+","众盛手机专营店"
"华为荣耀20S","2399.00","30+","星泰手机专营店"
"华为Mate 30 Pro 5G","6899.00","2.9万+","华为京东自营官方旗舰店"
"小米Redmi Note8 Pro","1409.00","1000+","新松联手机旗舰店"
"小米Redmi Note8 Pro","1448.00","900+","优爱特手机专营店"
"小米Redmi Note8 Pro","1059.00","800+","牧申手机旗舰店"
"小米Redmi Note8 Pro","1448.00","700+","明日数码旗舰店"
"小米Redmi Note8 Pro","1450.00","700+","同达丰手机旗舰店"
"小米Redmi Note8 Pro","1120.00","700+","同达丰手机旗舰店"
"小米Redmi Note8 Pro","1408.00","600+","淘金手机专营店"
"小米Redmi Note8 Pro","1089.00","600+","新松联手机旗舰店"
"小米Redmi Note8 Pro","1338.00","600+","头号卖家旗舰店"
"小米Redmi Note8 Pro","1028.00","600+","明日数码旗舰店"
"小米Redmi Note8 Pro","1479.00","500+","掌视界数码旗舰店"
"OPPOK3","1399.00","36万+","OPPO京东自营官方旗舰店"
"小米红米7","949.00","106万+","小米京东自营旗舰店"
"华为畅享8e青春","439.00","1.2万+","佳沪手机旗舰店"
"华为畅享8e青春","443.00","3400+","明日数码旗舰店"
"华为畅享8e青春","458.00","2900+","新松联手机旗舰店"
"华为荣耀8X Max","1349.00","3200+","疆界互联旗舰店"
"华为荣耀8X Max","1299.00","1000+","京铠玄手机旗舰店"
"华为荣耀8X Max","1018.00","300+","牧申手机旗舰店"
"华为荣耀8X Max","1253.00","300+","华信通手机专营店"
"华为荣耀8X Max","1599.00","200+","四维手机专营店"
"华为荣耀8X Max","1499.00","200+","信通志远旗舰店"
"AppleiPhone XS","5399.00","38万+","Apple产品京东自营旗舰店"
"AppleiPhone XS","9998.00","7.4万+","Apple产品京东自营旗舰店"
"AppleiPhone XS","9098.00","7.3万+","Apple产品京东自营旗舰店"
"AppleiPhone XS","9098.00","7万+","Apple产品京东自营旗舰店"
"AppleiPhone XS","9098.00","5万+","Apple产品京东自营旗舰店"
"AppleiPhone XS","10498.00","4.7万+","Apple产品京东自营旗舰店"
"AppleiPhone XS","10498.00","4.6万+","Apple产品京东自营旗舰店"
"AppleiPhone XS","10498.00","3.8万+","Apple产品京东自营旗舰店"
"AppleiPhone XS","3537.00","1.9万+","可多优品二手手机专营店"
"AppleiPhone XS","6799.00","1.8万+","佳沪手机旗舰店"
"小米Redmi Note8","1098.00","900+","茄子手机旗舰店"
"小米Redmi Note8","1199.00","800+","鹏瑶旗舰店"
"小米Redmi Note8","1059.00","800+","牧申手机旗舰店"
"小米Redmi Note8","1098.00","700+","淘金手机专营店"
"小米Redmi Note8","1448.00","700+","明日数码旗舰店"
"小米Redmi Note8","1450.00","700+","同达丰手机旗舰店"
"小米Redmi Note8","1120.00","700+","同达丰手机旗舰店"
"魅族 16th Plus","1899.00","800+","华信通手机专营店"
"魅族 16th Plus","1659.00","200+","闲至优品二手手机旗舰店"
"魅族 16th Plus","1875.00","60+","牧申手机旗舰店"
"魅族 16th Plus","1499.00","40+","机窝窝二手商品专营店"
"魅族 16th Plus","1599.00","20+","闲至优品二手手机旗舰店"
"魅族 16th Plus","1858.00","20+","明日数码旗舰店"
"魅族 16th Plus","1895.00","20+","牧申手机旗舰店"
"天语T2","159.00","9.8万+","思创伟业手机专营店"
"天语T2","89.00","1.3万+","天语手机京东自营官方旗舰店"
"天语T2","129.00","1600+","天语手机旗舰店"
"天语T2","119.00","1600+","天语手机旗舰店"
"天语T2","89.00","1100+","黑蜂手机通讯专营店"
"天语T2","109.00","300+","老人手机旗舰店"
"天语T2","89.00","100+","尚品手机专营店"
"华为荣耀20S","1769.00","30+","头号卖家旗舰店"
"华为荣耀20S","1999.00","30+","明日数码旗舰店"
"华为荣耀20S","1999.00","20+","华荣信通手机专营店"
"华为荣耀20S","1999.00","20+","万有手机专营店"
"华为荣耀20S","1599.00","20+","福气多多手机旗舰店"
"华为荣耀20S","1599.00","20+","天域手机专营店"
"一加7 Pro","3899.00","36万+","一加手机京东自营官方旗舰店"
"华为Mate 30 Pro 5G","6899.00","2.7万+","华为京东自营官方旗舰店"
"华为Mate 30 Pro 5G","6899.00","1.7万+","华为京东自营官方旗舰店"
"华为Mate 30 Pro 5G","6899.00","1.5万+","华为京东自营官方旗舰店"
"小米Redmi Note8 Pro","1189.00","400+","掌视界数码旗舰店"
"小米Redmi Note8 Pro","1428.00","400+","华信通手机专营店"
"小米Redmi Note8 Pro","1485.00","300+","中益德诚手机专营店"
"华为荣耀畅玩8A","799.00","75万+","荣耀京东自营旗舰店"
"华为Mate 20 Pro","4599.00","1.6万+","疆界互联旗舰店"
"OPPOK3","1799.00","3万+","OPPO官方直营旗舰店"
"华为畅享8e青春","429.00","2600+","同达丰手机旗舰店"
"华为畅享8e青春","439.00","2000+","聚捷联盛手机旗舰店"
"华为畅享8e青春","469.00","1300+","众盛手机专营店"
"华为畅享8e青春","438.00","1000+","华信通手机专营店"
"华为畅享8e青春","438.00","600+","伟德手机专营店"
"华为畅享8e青春","535.00","600+","弘朝数码旗舰店"
"华为畅享8e青春","545.00","300+","银河信业手机专营店"
"华为畅享8e青春","449.00","200+","迪信通手机旗舰店"
"华为畅享8e青春","499.00","200+","福气多多手机旗舰店"
"小米红米7","649.00","82万+","小米京东自营旗舰店"
"小米红米7","799.00","40万+","小米京东自营旗舰店"
"小米红米7","599.00","17万+","小米京东自营旗舰店"
"小米红米7","1699.00","11万+","小米京东自营旗舰店"
"小米红米7","465.00","7万+","佳沪手机旗舰店"
"小米红米7","468.00","2.5万+","牧申手机旗舰店"
"小米红米7","926.00","1.9万+","佳沪手机旗舰店"
"小米红米7","1045.00","1.2万+","佳沪手机旗舰店"
"小米红米7","775.00","1.1万+","伟德手机专营店"
"小米红米7","769.00","1万+","明日数码旗舰店"
"华为畅享 9S","1099.00","35万+","华为京东自营官方旗舰店"
"华为荣耀8X Max","1199.00","200+","众盛手机专营店"
"华为荣耀8X Max","1099.00","200+","爱优创杰手机旗舰店"
"华为荣耀8X Max","1299.00","100+","银河信业手机专营店"
"华为荣耀8X Max","1299.00","100+","OKSJ手机旗舰店"
"华为荣耀8X Max","1809.00","100+","华耀瑞隆手机旗舰店"
"华为荣耀8X Max","1399.00","100+","福气多多手机旗舰店"
"AppleiPhone XS","3988.00","1.6万+","翱行二手商品专营店"
"AppleiPhone XS","5358.00","1.4万+","佳沪手机旗舰店"
"AppleiPhone XS","3699.00","1.3万+","翱行二手商品专营店"
"AppleiPhone XS","3279.00","1.3万+","翱行二手商品专营店"
"AppleiPhone XS","1388.00","1.2万+","可多优品二手手机专营店"
"AppleiPhone XS","3398.00","1.2万+","翱行二手商品专营店"
"AppleiPhone XS","2479.00","1.1万+","万城优品二手手机专营店"
"AppleiPhone XS","6388.00","1万+","新松联手机旗舰店"
"小米Redmi Note8","1408.00","600+","淘金手机专营店"
"小米Redmi Note8","1089.00","600+","新松联手机旗舰店"
"小米Redmi Note8","1338.00","600+","头号卖家旗舰店"
"小米Redmi Note8","1028.00","600+","明日数码旗舰店"
"小米Redmi Note8","1479.00","500+","掌视界数码旗舰店"
"小米Redmi Note8","1189.00","400+","掌视界数码旗舰店"
"魅族 16th Plus","1399.00","20+","闪回二手商品专营店"
"魅族 16th Plus","1798.00","7","月拓手机专营店"
"魅族 16th Plus","1799.00","4","华伟手机专营店"
"魅族 16th Plus","1899.00","4","天域手机专营店"
"魅族 16th Plus","1750.00","2","蚂蚁手机验机小店"
"魅族 16th Plus","1550.00","2","蚂蚁手机验机小店"
"魅族 16th Plus","1599.00","2","蚂蚁手机验机小店"
"天语T2","21.90","90+","天语手机旗舰店"
"天语T2","109.00","30+","老人手机旗舰店"
"天语T2","99.00","10+","诺必信手机通讯专营店"
"天语T2","169.00","10+","湘桂发手机专营店"
"天语T2","169.00","10+","老人手机旗舰店"
"天语T2","148.00","10+","思拓帆手机专营店"
"天语T2","89.00","9","博力杰手机专营店"
"天语T2","109.00","5","酷威手机专营店"
"一加7 Pro","3299.00","21万+","一加手机京东自营官方旗舰店"
"一加7 Pro","3999.00","15万+","一加手机京东自营官方旗舰店"
"一加7 Pro","4199.00","15万+","一加手机京东自营官方旗舰店"
"一加7 Pro","5199.00","15万+","一加手机京东自营官方旗舰店"
"一加7 Pro","3999.00","14万+","一加手机京东自营官方旗舰店"
"一加7 Pro","3669.00","14万+","一加手机京东自营官方旗舰店"
"一加7 Pro","3669.00","7.9万+","一加手机京东自营官方旗舰店"
"华为Mate 30 Pro 5G","7899.00","9200+","华为京东自营官方旗舰店"
"华为Mate 30 Pro 5G","6899.00","6700+","华为京东自营官方旗舰店"
"华为Mate 30 Pro 5G","7899.00","5000+","华为京东自营官方旗舰店"
"华为Mate 30 Pro 5G","7899.00","5000+","华为京东自营官方旗舰店"
"华为Mate 30 Pro 5G","6899.00","4500+","明日数码旗舰店"
"华为Mate 30 Pro 5G","7899.00","4300+","华为京东自营官方旗舰店"
"小米Redmi Note8 Pro","1399.00","200+","聚捷联盛手机旗舰店"
"小米Redmi Note8 Pro","1428.00","200+","冰之凯盛手机专营店"
"小米Redmi Note8 Pro","1628.00","200+","谷高数码手机专营店"
"小米Redmi Note8 Pro","1038.00","100+","优爱特手机专营店"
"华为荣耀畅玩8A","595.00","1.3万+","众盛手机专营店"
"华为荣耀畅玩8A","569.00","7200+","新松联手机旗舰店"
"华为荣耀畅玩8A","565.00","6500+","佳沪手机旗舰店"
"华为Mate 20 Pro","4599.00","6500+","掌视界数码旗舰店"
"华为Mate 20 Pro","4599.00","5400+","福气多多手机旗舰店"
"华为Mate 20 Pro","5399.00","5200+","佳沪手机旗舰店"
"华为Mate 20 Pro","4599.00","5000+","炜东电商旗舰店"
"华为Mate 20 Pro","3199.00","4100+","福气多多手机旗舰店"
"华为Mate 20 Pro","4599.00","3800+","新松联手机旗舰店"
"华为Mate 20 Pro","3199.00","3600+","新松联手机旗舰店"
"华为Mate 20 Pro","3199.00","3400+","牧申手机旗舰店"
"华为Mate 20 Pro","5899.00","3200+","臻火旗舰店"
"华为畅享8e青春","699.00","200+","千索贸易手机专营店"
"华为畅享8e青春","699.00","200+","星泰手机专营店"
"华为畅享8e青春","529.00","200+","众宇通手机专营店"
"华为畅享8e青春","478.00","100+","佩娟手机专营店"
"华为畅享8e青春","458.00","100+","华飞手机专营店"
"华为畅享8e青春","459.00","80+","宇航手机专营店"
"华为畅享8e青春","479.00","80+","安铎数码专营店"
"华为畅享8e青春","488.00","80+","莫拉克手机专营店"
"华为畅享8e青春","499.00","70+","沃晟手机专营店"
"OPPOK3","1799.00","1.7万+","OPPO酷炫手机专卖店"
"OPPOK3","1399.00","1.7万+","OPPO酷炫手机专卖店"
"OPPOK3","1799.00","1.7万+","OPPO酷炫手机专卖店"
"OPPOK3","1799.00","1.4万+","OPPO手机乐良专卖店"
"OPPOK3","1799.00","1.4万+","OPPO手机乐良专卖店"
"OPPOK3","1499.00","1.1万+","头号卖家旗舰店"
"OPPOK3","2599.00","1万+","OPPO酷炫手机专卖店"
"OPPOK3","1999.00","9300+","OPPO手机乐良专卖店"
"OPPOK3","799.00","8300+","OPPO酷炫手机专卖店"
"OPPOK3","1299.00","7200+","OPPO墨白专卖店"
"小米红米7","775.00","7400+","佳沪手机旗舰店"
"小米红米7","1048.00","6700+","同达丰手机旗舰店"
"小米红米7","529.00","6500+","佳沪手机旗舰店"
"小米红米7","1049.00","5300+","新松联手机旗舰店"
"小米红米7","529.00","4700+","明日数码旗舰店"
"小米红米7","919.00","3900+","新松联手机旗舰店"
"小米红米7","1065.00","3600+","宏图手机专营店"
"小米红米7","538.00","3400+","伟德手机专营店"
"小米红米7","1038.00","3300+","明日数码旗舰店"
"小米红米7","1038.00","3100+","疆界互联旗舰店"
"华为畅享 9S","879.00","3.7万+","华为京东自营官方旗舰店"
"华为畅享 9S","799.00","1.1万+","众盛手机专营店"
"华为畅享 9S","929.00","9600+","聚捷联盛手机旗舰店"
"华为畅享 9S","999.00","3400+","京铠玄手机旗舰店"
"华为畅享 9S","969.00","1700+","众盛手机专营店"
"华为畅享 9S","999.00","1700+","千瑞达手机旗舰店"
"华为畅享 9S","999.00","1400+","京联通达旗舰店"
"华为畅享 9S","958.00","1300+","佳沪手机旗舰店"
"华为畅享 9S","969.00","1000+","众盛手机专营店"
"华为荣耀8X Max","1399.00","100+","臻云商手机专营店"
"华为荣耀8X Max","1999.00","100+","聚捷联盛手机旗舰店"
"华为荣耀8X Max","1399.00","100+","中益德诚手机专营店"
"华为荣耀8X Max","999.00","100+","伟德手机专营店"
"华为荣耀8X Max","1299.00","100+","易销科技手机专营店"
"华为荣耀8X Max","1399.00","60+","时器数码旗舰店"
"华为荣耀8X Max","1138.00","40+","宇航手机专营店"
"AppleiPhone XS","3086.00","9700+","万城优品二手手机专营店"
"AppleiPhone XS","5868.00","9000+","新松联手机旗舰店"
"AppleiPhone XS","1839.00","8300+","万城优品二手手机专营店"
"AppleiPhone XS","705.00","7300+","泰业优品二手手机旗舰店"
"AppleiPhone XS","699.00","6900+","泰业优品二手手机旗舰店"
"AppleiPhone XS","5488.00","6600+","XINKE海外专营店"
"AppleiPhone XS","1240.00","6500+","泰业优品二手手机旗舰店"
"AppleiPhone XS","5488.00","6500+","XINKE海外专营店"
"魅族 16th Plus","1950.00","1","真不同手机验机小店"
"魅族 16th Plus","1566.00","1","蚂蚁手机验机小店"
"魅族 16th Plus","1499.00","1","蚂蚁手机验机小店"
"魅族 16th Plus","1699.00","1","蚂蚁手机验机小店"
"魅族 16th Plus","2200.00","1","真不同手机验机小店"
"一加7 Pro","3199.00","7.4万+","一加手机京东自营官方旗舰店"
"一加7 Pro","4559.00","7.9万+","一加手机京东自营官方旗舰店"
"一加7 Pro","4699.00","1.8万+","一加手机京东自营官方旗舰店"
"一加7 Pro","5029.00","1.6万+","一加手机京东自营官方旗舰店"
"华为Mate 30 Pro 5G","7899.00","3200+","华为京东自营官方旗舰店"
"华为荣耀畅玩8A","599.00","3400+","京铠玄手机旗舰店"
"华为荣耀畅玩8A","599.00","2700+","OKSJ手机旗舰店"
"华为荣耀畅玩8A","562.00","2200+","明日数码旗舰店"
"华为Mate 20 Pro","3999.00","2100+","千瑞达手机旗舰店"
"华为Mate 20 Pro","4599.00","2100+","聚捷联盛手机旗舰店"
"华为Mate 20 Pro","3588.00","2100+","牧申手机旗舰店"
"华为Mate 20 Pro","2568.00","2000+","聚捷联盛手机旗舰店"
"华为Mate 20 Pro","2888.00","1800+","诚嘉优品二手手机专营店"
"华为畅享8e青春","519.00","60+","君问手机旗舰店"
"华为畅享8e青春","457.00","60+","天域手机专营店"
"华为畅享8e青春","458.00","40+","华飞手机专营店"
"OPPOK3","2049.00","7100+","OPPO墨白专卖店"
"OPPOK3","1499.00","6900+","牧申手机旗舰店"
"OPPOK3","1999.00","6500+","OPPO酷炫手机专卖店"
"OPPOK3","1799.00","6500+","OPPO优品专卖店"
"小米红米7","769.00","2900+","掌视界数码旗舰店"
"小米红米7","559.00","2500+","宏图手机专营店"
"小米红米7","958.00","2400+","明日数码旗舰店"
"小米红米7","758.00","2100+","淘金手机专营店"
"小米红米7","768.00","1700+","同达丰手机旗舰店"
"小米红米7","1095.00","1600+","掌视界数码旗舰店"
"小米红米7","775.00","1500+","华信通手机专营店"
"小米红米7","948.00","1400+","伟德手机专营店"
"华为畅享 9S","998.00","1000+","新松联手机旗舰店"
"华为畅享 9S","1049.00","800+","常开泰达手机专营店"
"华为畅享 9S","999.00","800+","掌视界数码旗舰店"
"华为畅享 9S","948.00","500+","炜东电商旗舰店"
"华为畅享 9S","978.00","400+","OKSJ手机旗舰店"
"华为畅享 9S","999.00","400+","牧申手机旗舰店"
"华为畅享 9S","729.00","400+","佩娟手机专营店"
"华为畅享 9S","968.00","300+","久汇通官方旗舰店"
"华为畅享 9S","969.00","300+","同达丰手机旗舰店"
"华为荣耀8X Max","1399.00","40+","千索贸易手机专营店"
"华为荣耀8X Max","1429.00","40+","华伟手机专营店"
"华为荣耀8X Max","1299.00","40+","东呵东手机专营店"
"华为荣耀8X Max","1108.00","30+","安铎数码专营店"
"华为荣耀8X Max","998.00","20+","华飞手机专营店"
"华为荣耀8X Max","1398.00","20+","天域手机专营店"
"华为荣耀8X Max","1399.00","20+","明日数码旗舰店"
"AppleiPhone XS","1999.00","6200+","泰业优品二手手机旗舰店"
"AppleiPhone XS","1289.00","6100+","泰业优品二手手机旗舰店"
"AppleiPhone XS","5399.00","6100+","泰业优品二手手机旗舰店"
"魅族 16th Plus","1580.00","1","蚂蚁手机验机小店"
"魅族 16th Plus","2099.00","1","真不同手机验机小店"
"魅族 16th Plus","3498.00","0","null"
"魅族 16th Plus","1699.00","0","蚂蚁手机验机小店"
"一加7 Pro","5469.00","8200+","一加手机京东自营官方旗舰店"
"一加7 Pro","3998.00","1700+","牧申手机旗舰店"
"华为Mate 30 Pro 5G","7899.00","3100+","华为京东自营官方旗舰店"
"华为Mate 30 Pro 5G","6899.00","3000+","福气多多手机旗舰店"
"华为Mate 30 Pro 5G","6899.00","3000+","掌视界数码旗舰店"
"华为荣耀畅玩8A","599.00","1600+","普华手机专营店"
"华为荣耀畅玩8A","1099.00","1200+","星泰手机专营店"
"华为荣耀畅玩8A","586.90","900+","欧霖爵手机旗舰店"
"华为荣耀畅玩8A","599.00","800+","掌视界数码旗舰店"
"华为荣耀畅玩8A","578.00","700+","伟德手机专营店"
"华为荣耀畅玩8A","588.00","500+","优爱特手机专营店"
"华为荣耀畅玩8A","579.00","500+","同达丰手机旗舰店"
"华为荣耀畅玩8A","599.00","500+","宇航手机专营店"
"华为Mate 20 Pro","3999.00","1800+","天翼电信旗舰店"
"华为Mate 20 Pro","2959.00","1700+","闲至优品二手手机旗舰店"
"华为Mate 20 Pro","4599.00","1700+","优品美手机专营店"
"华为Mate 20 Pro","3999.00","1300+","OKSJ手机旗舰店"
"华为Mate 20 Pro","2899.00","1200+","发动机优品二手手机专营店"
"华为Mate 20 Pro","4899.00","1200+","优爱特手机专营店"
"华为Mate 20 Pro","3078.00","1200+","新松联手机旗舰店"
"华为Mate 20 Pro","3999.00","1100+","久汇通官方旗舰店"
"华为Mate 20 Pro","7899.00","1000+","久汇通官方旗舰店"
"华为畅享8e青春","499.00","40+","沃晟手机专营店"
"华为畅享8e青春","699.00","40+","华荣信通手机专营店"
"华为畅享8e青春","469.00","20+","银河信业专营店"
"华为畅享8e青春","448.00","20+","牧申手机旗舰店"
"华为畅享8e青春","799.00","10+","迪信通手机专营店"
"OPPOK3","1999.00","4200+","OPPO手机乐良专卖店"
"OPPOK3","1299.00","3100+","OPPO墨白专卖店"
"华为畅享 9S","999.00","300+","疆界互联旗舰店"
"华为畅享 9S","899.00","300+","众盛手机专营店"
"华为畅享 9S","1799.00","300+","明日数码旗舰店"
"华为畅享 9S","1299.00","200+","中国移动手机官方旗舰店"
"华为畅享 9S","1015.00","200+","迪信通手机旗舰店"
"华为畅享 9S","999.00","200+","众宇通手机专营店"
"华为畅享 9S","1499.00","100+","臻火旗舰店"
"华为畅享 9S","1099.00","100+","臻火旗舰店"
"华为畅享 9S","949.00","100+","施霖手机专营店"
"华为荣耀8X Max","1369.00","20+","沪淼手机专营店"
"华为荣耀8X Max","1499.00","10+","三杰时代手机专营店"
"华为荣耀8X Max","1499.00","10+","继跃通信手机专营店"
"一加7 Pro","4999.00","700+","顺电手机旗舰店"
"一加7 Pro","4599.00","300+","疆界互联旗舰店"
"一加7 Pro","3999.00","200+","疆界互联旗舰店"
"一加7 Pro","5299.00","100+","牧申手机旗舰店"
"一加7 Pro","5299.00","90+","疆界互联旗舰店"
"一加7 Pro","3199.00","20+","顺电旗舰店"
"一加7 Pro","4699.00","10+","新疆电信官方旗舰店"
"华为Mate 30 Pro 5G","7899.00","2400+","华为京东自营官方旗舰店"
"华为Mate 30 Pro 5G","6899.00","2300+","臻火旗舰店"
"华为Mate 30 Pro 5G","6899.00","1500+","OKSJ手机旗舰店"
"华为Mate 30 Pro 5G","6899.00","1100+","新松联手机旗舰店"
"华为Mate 30 Pro 5G","6399.00","1000+","久汇通官方旗舰店"
"华为Mate 30 Pro 5G","6899.00","1000+","炜东电商旗舰店"
"华为荣耀畅玩8A","599.00","500+","炜东电商旗舰店"
"华为荣耀畅玩8A","799.00","400+","易销科技手机专营店"
"华为荣耀畅玩8A","599.00","400+","华飞手机专营店"
"华为荣耀畅玩8A","579.00","300+","牧申手机旗舰店"
"华为荣耀畅玩8A","999.00","300+","豫穆手机专营店"
"华为荣耀畅玩8A","799.00","200+","华荣信通手机专营店"
"华为Mate 20 Pro","5799.00","900+","同达丰手机旗舰店"
"华为Mate 20 Pro","2499.00","700+","全美优品二手商品专营店"
"华为Mate 20 Pro","6899.00","700+","疆界互联旗舰店"
"华为Mate 20 Pro","6409.00","700+","同达丰手机旗舰店"
"华为Mate 20 Pro","4599.00","700+","头号卖家旗舰店"
"OPPOK3","1299.00","3100+","OPPO墨白专卖店"
"OPPOK3","1999.00","3000+","头号卖家旗舰店"
"华为畅享 9S","976.00","100+","冰之凯盛手机专营店"
"华为畅享 9S","959.00","100+","伟德手机专营店"
"华为Mate 30 Pro 5G","7899.00","700+","头号卖家旗舰店"
"华为荣耀畅玩8A","799.00","200+","千瑞达手机旗舰店"
"华为荣耀畅玩8A","599.80","200+","疆界互联旗舰店"
"华为荣耀畅玩8A","599.00","200+","淘金手机专营店"
"华为荣耀畅玩8A","999.00","100+","华伟手机专营店"
"华为荣耀畅玩8A","599.00","100+","众宇通手机专营店"
"华为荣耀畅玩8A","599.00","100+","茄子手机旗舰店"
"华为荣耀畅玩8A","589.00","100+","佩娟手机专营店"
"华为荣耀畅玩8A","649.00","100+","天域手机专营店"
"OPPOK3","1999.00","2800+","OPPO优品专卖店"
"华为Mate 30 Pro 5G","6899.00","700+","疆界互联旗舰店"
"华为Mate 30 Pro 5G","6899.10","700+","京联通达旗舰店"
"华为Mate 30 Pro 5G","6409.00","700+","同达丰手机旗舰店"
"华为Mate 30 Pro 5G","7899.00","500+","佳沪手机旗舰店"
"华为Mate 30 Pro 5G","6899.00","300+","迪信通官方旗舰店"
"华为Mate 30 Pro 5G","6899.00","200+","中国移动手机官方旗舰店"
"华为Mate 30 Pro 5G","6899.00","100+","聚捷联盛手机旗舰店"
"OPPOK3","1799.00","2100+","OPPO优品专卖店"
"OPPOK3","1899.00","1700+","牧申手机旗舰店"
"OPPOK3","1899.00","1200+","OPPO墨白专卖店"
"OPPOK3","2799.00","1200+","头号卖家旗舰店"
"OPPOK3","1499.00","900+","牧申手机旗舰店"
"OPPOK3","2499.00","800+","东呵东手机专营店"
"OPPOK3","1999.00","600+","OPPO优品专卖店"
"OPPOK3","1799.00","500+","OPPO官方直营旗舰店"
"OPPOK3","1799.00","500+","OPPO手机乐良专卖店"
"Z5x","1398.00","42万+","vivo京东自营官方旗舰店"
"华为Mate 20","2699.00","43万+","华为京东自营官方旗舰店"
"Z5x","1698.00","5万+","vivo官方旗舰店"
"Z5x","1498.00","4.2万+","vivo官方旗舰店"
"Z5x","1798.00","4700+","vivo兰珊专卖店"
"Apple iPhone 8","4199.00","200万+","Apple产品京东自营旗舰店"
"AppleiPhone 8 Plus","4199.00","200万+","Apple产品京东自营旗舰店"
"小米小米9","949.00","106万+","小米京东自营旗舰店"
"华为Mate 20","1617.00","4.6万+","华为京东自营官方旗舰店"
"华为Mate 20","5999.00","2.2万+","华为京东自营官方旗舰店"
"Z5x","1298.00","3600+","vivo智美专卖店"
"Z5x","1398.00","2000+","vivo耀诚鑫专卖店"
"Z5x","1998.00","0","享换机"
"华为畅享9","1399.00","60万+","华为京东自营官方旗舰店"
"Apple iPhone 8","3299.00","153万+","Apple产品京东自营旗舰店"
"Apple iPhone 8","4138.00","4.2万+","佳沪手机旗舰店"
"Apple iPhone 8","3199.00","3.1万+","佳沪手机旗舰店"
"Apple iPhone 8","3168.00","2.6万+","同达丰手机旗舰店"
"Apple iPhone 8","1899.00","2.4万+","好机汇二手商品专营店"
"小米Redmi 红米Note7 Pro","1045.00","1.2万+","佳沪手机旗舰店"
"飞利浦E163K","129.00","24万+","飞利浦手机京东自营旗舰店"
"AppleiPhone XR","4899.00","211万+","Apple产品京东自营旗舰店"
"AppleiPhone 8 Plus","4138.00","4.2万+","佳沪手机旗舰店"
"小米小米9","999.00","44万+","小米京东自营旗舰店"
"小米小米9","799.00","40万+","小米京东自营旗舰店"
"小米小米9","999.00","33万+","小米京东自营旗舰店"
"华为Mate 20","4999.00","1.8万+","华为京东自营官方旗舰店"
"华为Mate 20","4599.00","1.6万+","疆界互联旗舰店"
"华为Mate 20","2699.00","1万+","炜东电商旗舰店"
"华为Mate 20","2899.00","7100+","明日数码旗舰店"
"华为Mate 20","4599.00","6500+","掌视界数码旗舰店"
"华为畅享9","999.00","44万+","华为京东自营官方旗舰店"
"华为畅享9","1099.00","35万+","华为京东自营官方旗舰店"
"华为畅享9","499.00","35万+","华为京东自营官方旗舰店"
"华为畅享9","1299.00","13万+","华为京东自营官方旗舰店"
"小米Redmi 8A","799.00","82万+","小米京东自营旗舰店"
"Apple iPhone 8","2539.00","2.4万+","经典二手商品专营店"
"Apple iPhone 8","2559.00","2.3万+","经典二手商品专营店"
"小米Redmi 红米Note7 Pro","1048.00","6700+","同达丰手机旗舰店"
"小米Redmi 红米Note7 Pro","1049.00","5300+","新松联手机旗舰店"
"飞利浦E163K","129.00","2.9万+","飞利浦手机京东自营旗舰店"
"AppleiPhone XR","4798.00","3.9万+","佳沪手机旗舰店"
"AppleiPhone XR","4888.00","3.3万+","明日数码旗舰店"
"AppleiPhone XR","4815.00","1.6万+","牧申手机旗舰店"
"AppleiPhone XR","4478.00","1.5万+","新松联手机旗舰店"
"华为nova 4e","1299.00","26万+","华为京东自营官方旗舰店"
"AppleiPhone 8 Plus","3199.00","3.1万+","佳沪手机旗舰店"
"小米小米9","1599.00","32万+","小米京东自营旗舰店"
"小米小米9","1799.00","27万+","小米京东自营旗舰店"
"小米小米9","749.00","19万+","小米京东自营旗舰店"
"华为Mate 20","3699.00","5600+","掌视界数码旗舰店"
"华为畅享9","849.00","13万+","华为京东自营官方旗舰店"
"华为畅享9","879.00","3.7万+","华为京东自营官方旗舰店"
"华为畅享9","1399.00","2.2万+","null"
"小米Redmi 8A","2499.00","56万+","小米京东自营旗舰店"
"小米Redmi 8A","749.00","19万+","小米京东自营旗舰店"
"小米Redmi 8A","599.00","17万+","小米京东自营旗舰店"
"Apple iPhone 8","6388.00","2万+","中国移动手机官方旗舰店"
"Apple iPhone 8","4138.00","1.6万+","同达丰手机旗舰店"
"Apple iPhone 8","1439.00","1.4万+","扬帆二手商品专营店"
"小米Redmi 红米Note7 Pro","919.00","3900+","新松联手机旗舰店"
"小米Redmi 红米Note7 Pro","1065.00","3600+","宏图手机专营店"
"小米Redmi 红米Note7 Pro","1038.00","3300+","明日数码旗舰店"
"小米Redmi 红米Note7 Pro","1038.00","3100+","疆界互联旗舰店"
"小米Redmi 红米Note7 Pro","1095.00","1600+","掌视界数码旗舰店"
"飞利浦E163K","129.00","1.3万+","飞利浦手机京东自营旗舰店"
"飞利浦E163K","125.40","700+","酷威手机专营店"
"飞利浦E163K","139.00","200+","金诚手机专营店"
"飞利浦E163K","199.00","100+","天翼电信旗舰店"
"realmeX","1199.00","24万+","realme真我京东自营旗舰店"
"AppleiPhone XR","4858.00","8900+","同达丰手机旗舰店"
"AppleiPhone XR","4838.00","6900+","炜东电商旗舰店"
"AppleiPhone XR","4299.00","5100+","疆界互联旗舰店"
"AppleiPhone XR","4539.00","4100+","鹏瑶旗舰店"
"华为nova 4e","1199.00","1万+","京铠玄手机旗舰店"
"华为nova 4e","1168.00","9500+","掌视界数码旗舰店"
"华为nova 4e","1188.00","7800+","炜东电商旗舰店"
"华为nova 4e","1199.00","6900+","福气多多手机旗舰店"
"AppleiPhone 8 Plus","3168.00","2.6万+","同达丰手机旗舰店"
"AppleiPhone 8 Plus","1899.00","2.4万+","好机汇二手商品专营店"
"AppleiPhone 8 Plus","2539.00","2.4万+","经典二手商品专营店"
"小米小米9","1799.00","17万+","小米京东自营旗舰店"
"华为Mate 20","4599.00","5400+","福气多多手机旗舰店"
"华为Mate 20","5399.00","5200+","佳沪手机旗舰店"
"华为Mate 20","4599.00","5000+","炜东电商旗舰店"
"华为畅享9","899.00","1.8万+","华为京东自营官方旗舰店"
"华为畅享9","828.00","1.7万+","伟德手机专营店"
"华为畅享9","1198.00","1.2万+","掌视界数码旗舰店"
"小米Redmi 8A","2399.00","11万+","小米京东自营旗舰店"
"小米Redmi 8A","468.00","2.5万+","牧申手机旗舰店"
"小米Redmi 8A","679.00","7300+","佳沪手机旗舰店"
"小米Redmi 8A","679.00","1600+","明日数码旗舰店"
"Apple iPhone 8","1818.00","1.3万+","翱行二手商品专营店"
"Apple iPhone 8","4188.00","1.1万+","新松联手机旗舰店"
"Apple iPhone 8","2479.00","1.1万+","万城优品二手手机专营店"
"小米Redmi 红米Note7 Pro","818.00","1300+","华信通手机专营店"
"小米Redmi 红米Note7 Pro","1049.00","1300+","聚捷联盛手机旗舰店"
"小米Redmi 红米Note7 Pro","1059.00","800+","牧申手机旗舰店"
"飞利浦E163K","139.00","100+","黑蜂手机通讯专营店"
"飞利浦E163K","139.00","70+","金诚腾达手机专营店"
"飞利浦E163K","139.00","20+","老人手机旗舰店"
"飞利浦E163K","139.00","10+","恒润手机专营店"
"realmeX","1869.00","9.3万+","realme真我京东自营旗舰店"
"AppleiPhone XR","5599.00","3300+","弘朝数码旗舰店"
"AppleiPhone XR","5999.00","3200+","Apple晨星泰合专卖店"
"AppleiPhone XR","4988.00","3100+","中国移动手机官方旗舰店"
"华为nova 4e","1178.00","5500+","疆界互联旗舰店"
"华为nova 4e","1179.00","4300+","京联通达旗舰店"
"华为nova 4e","1399.00","3800+","鹏路网络手机旗舰店"
"AppleiPhone 8 Plus","6388.00","2万+","中国移动手机官方旗舰店"
"AppleiPhone 8 Plus","4138.00","1.6万+","同达丰手机旗舰店"
"AppleiPhone 8 Plus","1818.00","1.3万+","翱行二手商品专营店"
"AppleiPhone 8 Plus","4188.00","1.1万+","新松联手机旗舰店"
"小米小米9","599.00","17万+","小米京东自营旗舰店"
"小米小米9","1699.00","11万+","小米京东自营旗舰店"
"小米小米9","2999.00","10万+","小米京东自营旗舰店"
"华为Mate 20","3199.00","4100+","福气多多手机旗舰店"
"华为Mate 20","9999.00","4000+","华为京东自营官方旗舰店"
"华为畅享9","799.00","1.1万+","众盛手机专营店"
"华为畅享9","1199.00","1万+","null"
"华为畅享9","929.00","9600+","聚捷联盛手机旗舰店"
"华为畅享9","818.00","8200+","佳沪手机旗舰店"
"小米Redmi 8A","679.00","1000+","淘金手机专营店"
"小米Redmi 8A","468.00","800+","牧申手机旗舰店"
"小米Redmi 8A","678.00","600+","伟德手机专营店"
"小米Redmi 8A","666.00","300+","疆界互联旗舰店"
"Apple iPhone 8","2689.00","1.1万+","翱行二手商品专营店"
"Apple iPhone 8","1896.00","1万+","扬帆二手商品专营店"
"Apple iPhone 8","3086.00","9700+","万城优品二手手机专营店"
"Apple iPhone 8","1158.00","8500+","扬帆二手商品专营店"
"Apple iPhone 8","1839.00","8300+","万城优品二手手机专营店"
"小米Redmi 红米Note7 Pro","1045.00","800+","茄子手机旗舰店"
"小米Redmi 红米Note7 Pro","1099.00","700+","鹏瑶旗舰店"
"小米Redmi 红米Note7 Pro","1048.00","600+","华信通手机专营店"
"小米Redmi 红米Note7 Pro","1048.00","500+","谷高数码手机专营店"
"小米Redmi 红米Note7 Pro","1038.00","400+","伟德手机专营店"
"小米Redmi 红米Note7 Pro","1065.00","300+","淘金手机专营店"
"飞利浦E163K","139.00","3","恒润手机专营店"
"飞利浦E163K","129.00","2","恒立信数码专营店"
"飞利浦E163K","139.00","0","飞利浦手机旗舰店"
"飞利浦E163K","155.00","0","湘桂发手机专营店"
"飞利浦E163K","139.00","0","诺必信手机通讯专营店"
"realmeX","1199.00","8.4万+","realme真我京东自营旗舰店"
"realmeX","1899.00","8.1万+","realme真我京东自营旗舰店"
"realmeX","1499.00","4.6万+","realme真我京东自营旗舰店"
"realmeX","1899.00","2.3万+","realme真我京东自营旗舰店"
"AppleiPhone XR","4818.00","2600+","茄子手机旗舰店"
"AppleiPhone XR","5248.00","2000+","臻火旗舰店"
"AppleiPhone XR","3998.00","1600+","上海盛南连锁通信专营店"
"AppleiPhone XR","3588.00","1500+","东源海外专营店"
"AppleiPhone XR","3588.00","1500+","XINKE海外专营店"
"AppleiPhone XR","4348.00","1200+","淘金手机专营店"
"华为nova 4e","1298.00","3600+","新松联手机旗舰店"
"华为nova 4e","1188.00","2900+","茄子手机旗舰店"
"华为nova 4e","1149.00","2700+","同达丰手机旗舰店"
"AppleiPhone 8 Plus","2479.00","1.1万+","万城优品二手手机专营店"
"AppleiPhone 8 Plus","2689.00","1.1万+","翱行二手商品专营店"
"AppleiPhone 8 Plus","1896.00","1万+","扬帆二手商品专营店"
"AppleiPhone 8 Plus","1839.00","8300+","万城优品二手手机专营店"
"小米小米9","1499.00","10万+","小米京东自营旗舰店"
"小米小米9","999.00","6.7万+","小米京东自营旗舰店"
"小米小米9","2199.00","3万+","小米京东自营旗舰店"
"小米小米9","2799.00","2.3万+","小米京东自营旗舰店"
"小米小米9","799.00","2.1万+","小米京东自营旗舰店"
"华为Mate 20","4599.00","3800+","新松联手机旗舰店"
"华为Mate 20","4988.00","3600+","掌视界数码旗舰店"
"华为Mate 20","2699.00","3600+","新松联手机旗舰店"
"华为畅享9","699.00","7800+","聚捷联盛手机旗舰店"
"华为畅享9","1188.00","7600+","新松联手机旗舰店"
"华为畅享9","1099.00","7600+","牧申手机旗舰店"
"小米Redmi 8A","659.00","300+","茄子手机旗舰店"
"小米Redmi 8A","668.00","200+","优爱特手机专营店"
"小米Redmi 8A","678.00","200+","同达丰手机旗舰店"
"小米Redmi 8A","988.00","200+","华信通手机专营店"
"Apple iPhone 8","2499.00","8100+","好机汇二手商品专营店"
"Apple iPhone 8","3529.00","7600+","中国移动手机官方旗舰店"
"Apple iPhone 8","768.00","6500+","闪搜二手手机专营店"
"小米Redmi 红米Note7 Pro","1038.00","200+","炜东电商旗舰店"
"飞利浦E163K","119.00","0","莫拉克手机专营店"
"realmeX","1899.00","2.1万+","realme真我京东自营旗舰店"
"realmeX","3299.00","1.7万+","realme真我京东自营旗舰店"
"realmeX","1599.00","1.3万+","realme真我京东自营旗舰店"
"realmeX","1599.00","9600+","realme真我京东自营旗舰店"
"AppleiPhone XR","4899.00","1100+","冰之凯盛手机专营店"
"AppleiPhone XR","3588.00","1000+","东源海外专营店"
"华为nova 4e","1158.00","2500+","牧申手机旗舰店"
"华为nova 4e","1088.00","1900+","佳沪手机旗舰店"
"华为nova 4e","1249.00","1800+","众宇通手机专营店"
"AppleiPhone 8 Plus","2499.00","8100+","好机汇二手商品专营店"
"AppleiPhone 8 Plus","3529.00","7600+","中国移动手机官方旗舰店"
"AppleiPhone 8 Plus","768.00","6500+","闪搜二手手机专营店"
"小米小米9","2338.00","1.2万+","佳沪手机旗舰店"
"小米小米9","3799.00","1万+","小米京东自营旗舰店"
"华为Mate 20","3199.00","3400+","牧申手机旗舰店"
"华为Mate 20","5899.00","3200+","臻火旗舰店"
"华为Mate 20","3999.00","2100+","千瑞达手机旗舰店"
"华为Mate 20","4599.00","2100+","聚捷联盛手机旗舰店"
"华为畅享9","728.00","7100+","众盛手机专营店"
"华为畅享9","835.00","6100+","掌视界数码旗舰店"
"小米Redmi 8A","479.00","100+","天域手机专营店"
"小米Redmi 8A","679.00","100+","新松联手机旗舰店"
"小米Redmi 8A","679.00","100+","牧申手机旗舰店"
"Apple iPhone 8","1296.00","6100+","扬帆二手商品专营店"
"Apple iPhone 8","4899.00","5900+","岗隆手机专营店"
"Apple iPhone 8","1399.00","5900+","万城优品二手手机专营店"
"Apple iPhone 8","749.00","5000+","扬帆二手商品专营店"
"小米Redmi 红米Note7 Pro","1499.00","200+","弘朝数码旗舰店"
"小米Redmi 红米Note7 Pro","1099.00","200+","时器数码旗舰店"
"小米Redmi 红米Note7 Pro","988.00","100+","天域手机专营店"
"realmeX","1399.00","8200+","realme真我京东自营旗舰店"
"realmeX","2899.00","6100+","realme真我京东自营旗舰店"
"realmeX","2899.00","5700+","realme真我京东自营旗舰店"
"realmeX","1799.00","5500+","realme真我京东自营旗舰店"
"AppleiPhone XR","3588.00","1000+","XINKE海外专营店"
"AppleiPhone XR","4888.00","1000+","千瑞达手机旗舰店"
"AppleiPhone XR","5839.00","1000+","爱优创杰手机旗舰店"
"AppleiPhone XR","5468.00","900+","OKSJ手机旗舰店"
"AppleiPhone XR","3588.00","900+","壹思海外专营店"
"华为nova 4e","1249.00","1800+","中益德诚手机专营店"
"华为nova 4e","1188.00","1500+","聚捷联盛手机旗舰店"
"华为nova 4e","1198.00","1500+","众盛手机专营店"
"华为nova 4e","1180.00","1200+","鹏瑶旗舰店"
"华为nova 4e","1205.00","1200+","淘金手机专营店"
"AppleiPhone 8 Plus","4899.00","5900+","岗隆手机专营店"
"AppleiPhone 8 Plus","4799.00","4300+","疆界互联旗舰店"
"AppleiPhone 8 Plus","3248.00","3700+","马上优品二手商品旗舰店"
"AppleiPhone 8 Plus","2288.00","3700+","翱行二手商品专营店"
"小米小米9","555.00","9100+","疆界互联旗舰店"
"小米小米9","2688.00","8900+","疆界互联旗舰店"
"小米小米9","1997.90","7200+","小米京东自营旗舰店"
"小米小米9","1768.00","6500+","疆界互联旗舰店"
"华为Mate 20","3588.00","2100+","牧申手机旗舰店"
"华为Mate 20","2699.00","2100+","佳沪手机旗舰店"
"华为Mate 20","2568.00","2000+","聚捷联盛手机旗舰店"
"华为Mate 20","2888.00","1800+","诚嘉优品二手手机专营店"
"华为Mate 20","1799.00","1800+","闲至优品二手手机旗舰店"
"华为畅享9","1149.00","6000+","聚捷联盛手机旗舰店"
"华为畅享9","1189.00","5900+","炜东电商旗舰店"
"华为畅享9","858.00","5800+","宏图手机专营店"
"华为畅享9","889.00","5400+","炜东电商旗舰店"
"华为畅享9","829.00","5300+","众盛手机专营店"
"小米Redmi 8A","547.00","100+","炜东电商旗舰店"
"小米Redmi 8A","689.00","100+","聚捷联盛手机旗舰店"
"小米Redmi 8A","678.00","80+","炜东电商旗舰店"
"小米Redmi 8A","699.00","80+","众盛手机专营店"
"Apple iPhone 8","1868.00","4500+","马上优品二手商品旗舰店"
"Apple iPhone 8","5398.00","4500+","同达丰手机旗舰店"
"Apple iPhone 8","4799.00","4300+","疆界互联旗舰店"
"Apple iPhone 8","3299.00","3900+","岗隆手机专营店"
"小米Redmi 红米Note7 Pro","888.00","100+","中益德诚手机专营店"
"小米Redmi 红米Note7 Pro","1099.00","70+","信通志远旗舰店"
"小米Redmi 红米Note7 Pro","1099.00","60+","中益德诚手机专营店"
"小米Redmi 红米Note7 Pro","1138.00","30+","华伟手机专营店"
"realmeX","1799.00","3700+","realme真我京东自营旗舰店"
"realmeX","1899.00","3700+","realme官方旗舰店"
"AppleiPhone XR","3588.00","800+","XINKE海外专营店"
"AppleiPhone XR","5899.00","500+","京铠玄手机旗舰店"
"华为nova 4e","1298.00","1100+","新松联手机旗舰店"
"AppleiPhone 8 Plus","1868.00","3500+","翱行二手商品专营店"
"AppleiPhone 8 Plus","2568.00","3300+","鸿兴优品二手手机专营店"
"小米小米9","2888.00","6400+","宏图手机专营店"
"华为Mate 20","3999.00","1800+","天翼电信旗舰店"
"华为Mate 20","2959.00","1700+","闲至优品二手手机旗舰店"
"华为畅享9","1199.00","5200+","京联通达旗舰店"
"华为畅享9","798.00","4800+","华信通手机专营店"
"华为畅享9","888.00","4200+","茄子手机旗舰店"
"小米Redmi 8A","692.00","50+","掌视界数码旗舰店"
"小米Redmi 8A","759.00","50+","头号卖家旗舰店"
"小米Redmi 8A","675.00","50+","宏图手机专营店"
"小米Redmi 8A","899.00","50+","华荣信通手机专营店"
"小米Redmi 8A","799.00","40+","天域手机专营店"
"小米Redmi 红米Note7 Pro","1199.00","30+","沃晟手机专营店"
"小米Redmi 红米Note7 Pro","1079.00","20+","头号卖家旗舰店"
"小米Redmi 红米Note7 Pro","1499.00","20+","华荣信通手机专营店"
"小米Redmi 红米Note7 Pro","1039.00","20+","迪信通官方旗舰店"
"realmeX","1689.00","1900+","头号卖家旗舰店"
"realmeX","1199.00","1700+","头号卖家旗舰店"
"realmeX","1698.00","1400+","智美尚品手机专营店"
"realmeX","1999.00","1300+","佳沪手机旗舰店"
"AppleiPhone XR","4559.00","400+","岗隆手机专营店"
"AppleiPhone XR","5099.00","300+","银河信业手机专营店"
"AppleiPhone XR","4799.00","200+","伟德手机专营店"
"华为nova 4e","1999.00","1100+","久汇通官方旗舰店"
"AppleiPhone 8 Plus","1838.00","3100+","福汇优品二手手机专营店"
"AppleiPhone 8 Plus","2588.00","3000+","泰业优品二手手机旗舰店"
"小米小米9","3588.00","5600+","疆界互联旗舰店"
"华为Mate 20","4599.00","1700+","优品美手机专营店"
"华为畅享9","849.00","4100+","中国移动手机官方旗舰店"
"华为畅享9","899.00","4100+","聚捷联盛手机旗舰店"
"小米Redmi 8A","899.00","40+","星泰手机专营店"
"realmeX","1688.00","1200+","佳沪手机旗舰店"
"realmeX","1599.00","1200+","头号卖家旗舰店"
"华为nova 4e","1145.00","1000+","伟德手机专营店"
"AppleiPhone 8 Plus","3166.00","2800+","发动机优品二手手机专营店"
"小米Redmi 8A","799.00","30+","迪信通官方旗舰店"
"realmeX","1199.00","1100+","佳沪手机旗舰店"
"realmeX","1099.00","900+","牧申手机旗舰店"
"华为nova 4e","1088.00","1000+","优爱特手机专营店"
"华为nova 4e","1299.00","900+","时器数码旗舰店"
"AppleiPhone 8 Plus","2526.00","2800+","扬帆二手商品专营店"
"realmeX","1188.00","800+","牧申手机旗舰店"
"realmeX","3299.00","800+","realme真我京东自营旗舰店"
"realmeX","2599.00","800+","智美尚品手机专营店"
"realmeX","2699.00","700+","realme真我京东自营旗舰店"
"realmeX","2899.00","600+","realme官方旗舰店"
"华为nova 4e","1199.00","800+","千瑞达手机旗舰店"
"华为nova 4e","1166.00","700+","明日数码旗舰店"
"华为nova 4e","1199.00","700+","常开泰达手机专营店"
"华为nova 4e","1228.00","600+","OKSJ手机旗舰店"
"AppleiPhone 8 Plus","2499.00","2800+","同城帮二手商品专营店"
"AppleiPhone 8 Plus","3318.00","2600+","全美优品二手商品专营店"
"AppleiPhone 8 Plus","836.00","2600+","扬帆二手商品专营店"
"华为nova 4e","1599.00","600+","君问手机旗舰店"
"华为nova 4e","1909.00","500+","中国移动手机官方旗舰店"
"华为nova 5 Pro","3199.00","1.6万+","华为京东自营官方旗舰店"
"华为nova 5 Pro","3599.00","1.5万+","华为京东自营官方旗舰店"
"华为nova 5 Pro","3199.00","1.2万+","华为京东自营官方旗舰店"
"AppleiPhone XS Max","7199.00","112万+","Apple产品京东自营旗舰店"
"华为nova 5 Pro","2499.00","1万+","炜东电商旗舰店"
"飞利浦E171L","168.00","31万+","飞利浦手机京东自营旗舰店"
"AppleiPhone XS Max","9998.00","7.4万+","Apple产品京东自营旗舰店"
"华为nova 5 Pro","2469.00","1万+","久汇通官方旗舰店"
"华为nova 5 Pro","2499.00","8000+","掌视界数码旗舰店"
"飞利浦E171L","168.00","8.4万+","飞利浦手机京东自营旗舰店"
"飞利浦E171L","168.00","1.3万+","飞利浦手机京东自营旗舰店"
"飞利浦E171L","168.00","2800+","科艾手机专营店"
"华为荣耀10青春版","999.00","124万+","荣耀京东自营旗舰店"
"AppleiPhone XS Max","3199.00","1.9万+","可多优品二手手机专营店"
"AppleiPhone XS Max","6799.00","1.8万+","佳沪手机旗舰店"
"AppleiPhone XS Max","3988.00","1.6万+","翱行二手商品专营店"
"华为nova 5 Pro","3199.00","4600+","华为京东自营官方旗舰店"
"华为nova 5 Pro","2499.00","4400+","明日数码旗舰店"
"华为nova 5 Pro","2899.00","4100+","千瑞达手机旗舰店"
"飞利浦E171L","168.00","1600+","智加手机专营店"
"飞利浦E171L","168.00","700+","君可安手机专营店"
"飞利浦E171L","198.00","600+","飞利浦手机京东自营旗舰店"
"华为荣耀10青春版","1699.00","3.9万+","荣耀京东自营旗舰店"
"华为荣耀10青春版","875.00","2万+","掌视界数码旗舰店"
"华为荣耀10青春版","1199.00","9400+","京铠玄手机旗舰店"
"华为荣耀10青春版","866.00","7900+","牧申手机旗舰店"
"AppleiPhone XS Max","3699.00","1.3万+","翱行二手商品专营店"
"AppleiPhone XS Max","3279.00","1.3万+","翱行二手商品专营店"
"AppleiPhone XS Max","3398.00","1.2万+","翱行二手商品专营店"
"AppleiPhone XS Max","2479.00","1.1万+","万城优品二手手机专营店"
"华为nova 5 Pro","3199.00","4100+","华为京东自营官方旗舰店"
"华为nova 5 Pro","2499.00","4000+","佳沪手机旗舰店"
"华为nova 5 Pro","3099.00","3700+","福气多多手机旗舰店"
"飞利浦E171L","168.00","400+","创鑫伟业手机专营店"
"飞利浦E171L","198.00","100+","金辉手机专营店"
"飞利浦E171L","198.00","40+","微蓝手机专营店"
"华为荣耀10青春版","898.00","7100+","众盛手机专营店"
"华为荣耀10青春版","899.00","6200+","OKSJ手机旗舰店"
"华为荣耀10青春版","1199.00","6000+","新松联手机旗舰店"
"AppleiPhone XS Max","3086.00","9700+","万城优品二手手机专营店"
"AppleiPhone XS Max","5868.00","9000+","新松联手机旗舰店"
"AppleiPhone XS Max","1839.00","8300+","万城优品二手手机专营店"
"AppleiPhone XS Max","5488.00","6600+","XINKE海外专营店"
"华为nova 5 Pro","2399.00","3600+","久汇通官方旗舰店"
"华为nova 5 Pro","2899.00","3200+","臻火旗舰店"
"飞利浦E171L","258.00","20+","老人手机旗舰店"
"飞利浦E171L","169.00","10+","聚捷联盛手机旗舰店"
"飞利浦E171L","198.00","10","恒润手机专营店"
"飞利浦E171L","198.00","8","沃尔奇手机专营店"
"飞利浦E171L","178.00","2","恒立信数码专营店"
"飞利浦E171L","168.00","0","酷威手机专营店"
"华为荣耀10青春版","879.00","5800+","炜东电商旗舰店"
"华为荣耀10青春版","1188.00","4300+","佳沪手机旗舰店"
"华为荣耀10青春版","866.80","3300+","疆界互联旗舰店"
"华为荣耀10青春版","1399.00","2900+","京联通达旗舰店"
"AppleiPhone XS Max","5488.00","6500+","XINKE海外专营店"
"AppleiPhone XS Max","5399.00","6100+","泰业优品二手手机旗舰店"
"AppleiPhone XS Max","1399.00","5900+","万城优品二手手机专营店"
"华为nova 5 Pro","1668.00","3100+","疆界互联旗舰店"
"华为nova 5 Pro","2499.00","3100+","京铠玄手机旗舰店"
"华为nova 5 Pro","2919.00","3000+","普华手机专营店"
"华为荣耀10青春版","1099.00","2000+","明日数码旗舰店"
"华为荣耀10青春版","1066.00","1800+","聚捷联盛手机旗舰店"
"AppleiPhone XS Max","3379.00","5800+","全美优品二手商品专营店"
"AppleiPhone XS Max","3638.00","5600+","福汇优品二手手机专营店"
"AppleiPhone XS Max","4549.00","5400+","扬帆二手商品专营店"
"华为nova 5 Pro","2489.00","3000+","疆界互联旗舰店"
"华为nova 5 Pro","2499.00","2900+","OKSJ手机旗舰店"
"华为nova 5 Pro","2899.00","2500+","众宇通手机专营店"
"华为荣耀10青春版","1200.00","1300+","同达丰手机旗舰店"
"华为荣耀10青春版","1359.00","1000+","天域手机专营店"
"华为荣耀10青春版","1198.00","900+","淘金手机专营店"
"华为荣耀10青春版","1099.00","600+","爱优创杰手机旗舰店"
"华为荣耀10青春版","849.00","500+","佳沪手机旗舰店"
"AppleiPhone XS Max","4428.00","3500+","翱行二手商品专营店"
"AppleiPhone XS Max","4569.00","3500+","万城优品二手手机专营店"
"AppleiPhone XS Max","2599.00","3200+","万城优品二手手机专营店"
"AppleiPhone XS Max","5848.00","3100+","马上优品二手商品旗舰店"
"华为nova 5 Pro","2499.00","2400+","聚捷联盛手机旗舰店"
"华为nova 5 Pro","2499.00","2300+","同达丰手机旗舰店"
"华为nova 5 Pro","2499.00","2200+","京合旗舰店"
"华为nova 5 Pro","2899.00","1900+","牧申手机旗舰店"
"华为nova 5 Pro","2699.00","1700+","宏图手机专营店"
"华为nova 5 Pro","2499.00","1300+","京联通达旗舰店"
"华为荣耀10青春版","859.00","500+","优品美手机专营店"
"华为荣耀10青春版","999.00","500+","千瑞达手机旗舰店"
"华为荣耀10青春版","1038.00","400+","谷高数码手机专营店"
"华为荣耀10青春版","899.00","400+","众宇通手机专营店"
"华为荣耀10青春版","1099.00","400+","鹏瑶旗舰店"
"华为荣耀10青春版","899.00","300+","众宇通手机专营店"
"华为荣耀10青春版","1699.00","300+","易销科技手机专营店"
"AppleiPhone XS Max","1888.00","3100+","福汇优品二手手机专营店"
"AppleiPhone XS Max","3499.00","3100+","万城优品二手手机专营店"
"AppleiPhone XS Max","6839.00","3000+","疆界互联旗舰店"
"AppleiPhone XS Max","785.00","2800+","万城优品二手手机专营店"
"AppleiPhone XS Max","3599.00","2800+","泰业优品二手手机旗舰店"
"华为nova 5 Pro","3099.00","1300+","优爱特手机专营店"
"华为荣耀10青春版","1399.00","200+","千索贸易手机专营店"
"华为荣耀10青春版","1088.00","200+","时器数码旗舰店"
"华为荣耀10青春版","999.00","200+","华伟手机专营店"
"AppleiPhone XS Max","6898.00","2800+","同达丰手机旗舰店"
"AppleiPhone XS Max","4928.00","2700+","XINKE海外专营店"
"华为荣耀10青春版","1038.00","100+","华信通手机专营店"
