"name","gross","seller","price"
"Apple/苹果 iPhone 11","","Apple Store 官方旗舰店","¥5999.00"
"Apple/苹果 iPhone 11","2.5万笔","苏宁易购官方旗舰店","¥5999.00"
"Apple/苹果 iPhone 11","6933笔","苏宁易购官方旗舰店","¥5999.00"
"Apple/苹果 iPhone 11","3964笔","绿森数码官方旗舰店","¥5999.00"
"Apple/苹果 iPhone 11","3354笔","中国移动官方旗舰店","¥5288.00"
"Apple/苹果 iPhone 11","1842笔","三际数码官方旗舰店","¥5788.00"
"Apple/苹果 iPhone 11","1487笔","中国移动手机官方旗舰店","¥5249.00"
"Apple/苹果 iPhone 11","830笔","轻松换数码旗舰店","¥5788.00"
"Apple/苹果 iPhone 11","661笔","翼天下天翼电信旗舰店","¥5799.00"
"Apple/苹果 iPhone 11","651笔","卓瓦数码专营店","¥5858.00"
"Apple/苹果 iPhone 11","602笔","中国移动官方旗舰店","¥5788.00"
"Apple/苹果 iPhone 11","537笔","中国移动手机官方旗舰店","¥5249.00"
"Apple/苹果 iPhone 11","533笔","博盛景数码专营店","¥5288.00"
"Apple/苹果 iPhone 11","521笔","翼天下天翼电信旗舰店","¥5199.00"
"Apple/苹果 iPhone 11","330笔","能良数码官方旗舰店","¥5088.00"
"Apple/苹果 iPhone 11","253笔","迈微数码旗舰店","¥5659.00"
"Apple/苹果 iPhone 11","181笔","武汉电信旗舰","¥5799.00"
"Apple/苹果 iPhone 11","167笔","中国电信官方旗舰店","¥5799.00"
"Apple/苹果 iPhone 11","156笔","京合旗舰店","¥5749.00"
"Apple/苹果 iPhone 11","119笔","金诺手机专营店","¥5699.00"
"Apple/苹果 iPhone 11","111笔","广东电信亿品汇专卖店","¥5728.00"
"Apple/苹果 iPhone 11","106笔","大唐回浦数码旗舰店","¥5858.00"
"Apple/苹果 iPhone 11","93笔","卓瓦数码专营店","¥6288.00"
"Apple/苹果 iPhone 11","92笔","乐自由数码专营店","¥5198.00"
"Apple/苹果 iPhone 11","87笔","oksj数码旗舰店","¥5088.00"
"Apple/苹果 iPhone 11","81笔","君问数码官方旗舰店","¥5238.00"
"Apple/苹果 iPhone 11","67笔","翼天下天翼电信旗舰店","¥5799.00"
"Apple/苹果 iPhone 11","66笔","高远数码旗舰店","¥5258.00"
"Apple/苹果 iPhone 11","59笔","卡俐特数码专营店","¥5788.00"
"Apple/苹果 iPhone 11","59笔","鑫辉数码旗舰店","¥5799.00"
"honor/荣耀 荣耀9x","5.6万笔","荣耀官方旗舰店","¥1099.00"
"honor/荣耀 荣耀9x","8292笔","苏宁易购官方旗舰店","¥1299.00"
"honor/荣耀 荣耀9x","4803笔","广东电信亿品汇专卖店","¥1099.00"
"honor/荣耀 荣耀9x","3714笔","三际数码官方旗舰店","¥1299.00"
"honor/荣耀 荣耀9x","1796笔","蓝港数码专营店","¥1299.00"
"honor/荣耀 荣耀9x","1633笔","博盛景数码专营店","¥1478.00"
"honor/荣耀 荣耀9x","1098笔","oksj数码旗舰店","¥1399.00"
"honor/荣耀 荣耀9x","959笔","荣耀官方旗舰店","¥1299.00"
"honor/荣耀 荣耀9x","785笔","能良数码官方旗舰店","¥1449.00"
"honor/荣耀 荣耀9x","683笔","卓瓦数码专营店","¥2039.00"
"honor/荣耀 荣耀9x","513笔","中国移动官方旗舰店","¥1399.00"
"honor/荣耀 荣耀9x","323笔","京合旗舰店","¥1399.00"
"honor/荣耀 荣耀9x","246笔","创汇通达数码旗舰店","¥1399.00"
"honor/荣耀 荣耀9x","200笔","同迅数码专营店","¥1399.00"
"honor/荣耀 荣耀9x","194笔","魅立数码专营店","¥1099.00"
"honor/荣耀 荣耀9x","190笔","君问数码官方旗舰店","¥1399.00"
"honor/荣耀 荣耀9x","177笔","翼天下天翼电信旗舰店","¥1499.00"
"honor/荣耀 荣耀9x","155笔","热图数码专营店","¥1099.00"
"honor/荣耀 荣耀9x","100笔","创宇嘉汇数码专营店","¥1099.00"
"honor/荣耀 荣耀9x","88笔","飞鸿数码旗舰店","¥1799.00"
"honor/荣耀 荣耀9x","57笔","君胜数码专营店","¥1099.00"
"honor/荣耀 荣耀9x","35笔","博盛景数码专营店","¥1799.00"
"honor/荣耀 荣耀9x","29笔","八连星手机专营店","¥1199.00"
"honor/荣耀 荣耀9x","26笔","启能数码专营店","¥1399.00"
"honor/荣耀 荣耀9x","24笔","飞鸿数码旗舰店","¥1799.00"
"honor/荣耀 荣耀9x","20笔","oksj数码旗舰店","¥1399.00"
"honor/荣耀 荣耀9x","19笔","久汇数码专营店","¥1099.00"
"honor/荣耀 荣耀9x","18笔","星恒盛手机专营店","¥1299.00"
"honor/荣耀 荣耀9x","18笔","好机会数码旗舰店","¥1199.00"
"honor/荣耀 荣耀9x","16笔","大唐回浦数码旗舰店","¥1799.00"
"纽曼 M560","6.0万笔","创于佳讯数码专营店","¥69.00"
"纽曼 M560","169笔","纽曼手机旗舰店","¥99.00"
"纽曼 M560","135笔","纽曼深圳专卖店","¥109.00"
"纽曼 M560","39笔","深圳易乐购数码专营店","¥109.00"
"纽曼 M560","34笔","慕尚年华数码专营店","¥528.00"
"纽曼 M560","19笔","鑫睿诚数码专营店","¥139.00"
"纽曼 M560","16笔","赫尔曼数码专营店","¥99.00"
"纽曼 M560","16笔","纽曼世腾专卖店","¥239.00"
"纽曼 M560","7笔","纽曼幸福专卖店","¥109.00"
"纽曼 M560","2笔","淘贤居数码专营店","¥139.00"
"纽曼 M560","1笔","纽曼鹏宇佳业专卖店","¥98.00"
"纽曼 M560","0笔","纽曼信而美专卖店","¥129.00"
"HUAWEI HUAWEI Mate 30 Pro 5G","4.3万笔","华为官方旗舰店","¥6899.00"
"HUAWEI HUAWEI Mate 30 Pro 5G","4119笔","苏宁易购官方旗舰店","¥6899.00"
"HUAWEI HUAWEI Mate 30 Pro 5G","1546笔","同步飞扬数码专营店","¥6399.00"
"HUAWEI HUAWEI Mate 30 Pro 5G","838笔","华为莫问专卖店","¥6399.00"
"HUAWEI HUAWEI Mate 30 Pro 5G","786笔","蓝港数码专营店","¥6399.00"
"HUAWEI HUAWEI Mate 30 Pro 5G","750笔","三际数码官方旗舰店","¥6399.00"
"HUAWEI HUAWEI Mate 30 Pro 5G","694笔","乐哇数码专营店","¥6399.00"
"HUAWEI HUAWEI Mate 30 Pro 5G","600笔","创汇通达数码旗舰店","¥6899.00"
"HUAWEI HUAWEI Mate 30 Pro 5G","592笔","能良数码官方旗舰店","¥5799.00"
"HUAWEI HUAWEI Mate 30 Pro 5G","373笔","广东电信亿品汇专卖店","¥6399.00"
"HUAWEI HUAWEI Mate 30 Pro 5G","362笔","中国移动官方旗舰店","¥4999.00"
"HUAWEI HUAWEI Mate 30 Pro 5G","276笔","京合旗舰店","¥6899.00"
"HUAWEI HUAWEI Mate 30 Pro 5G","199笔","大唐回浦数码旗舰店","¥6899.00"
"HUAWEI HUAWEI Mate 30 Pro 5G","158笔","oksj数码旗舰店","¥6399.00"
"HUAWEI HUAWEI Mate 30 Pro 5G","115笔","中国移动手机官方旗舰店","¥6899.00"
"HUAWEI HUAWEI Mate 30 Pro 5G","106笔","苏宁易购官方旗舰店","¥6899.00"
"HUAWEI HUAWEI Mate 30 Pro 5G","100笔","君问数码官方旗舰店","¥6899.00"
"HUAWEI HUAWEI Mate 30 Pro 5G","87笔","沙丁数码专营店","¥6399.00"
"HUAWEI HUAWEI Mate 30 Pro 5G","83笔","京联通达数码旗舰店","¥6899.00"
"HUAWEI HUAWEI Mate 30 Pro 5G","74笔","易联讯达旗舰店","¥6899.00"
"HUAWEI HUAWEI Mate 30 Pro 5G","67笔","王者天创旗舰店","¥6899.00"
"HUAWEI HUAWEI Mate 30 Pro 5G","62笔","小淘器数码专营店","¥6399.00"
"HUAWEI HUAWEI Mate 30 Pro 5G","58笔","旭远数码专营店","¥8699.00"
"HUAWEI HUAWEI Mate 30 Pro 5G","55笔","博盛景数码专营店","¥6899.00"
"HUAWEI HUAWEI Mate 30 Pro 5G","48笔","久汇数码专营店","¥6399.00"
"HUAWEI HUAWEI Mate 30 Pro 5G","33笔","高远数码旗舰店","¥6899.00"
"HUAWEI HUAWEI Mate 30 Pro 5G","29笔","能良数码官方旗舰店","¥6399.00"
"HUAWEI HUAWEI Mate 30 Pro 5G","26笔","翼天下天翼电信旗舰店","¥6899.00"
"HUAWEI HUAWEI Mate 30 Pro 5G","26笔","好机会数码旗舰店","¥9098.00"
"HUAWEI HUAWEI Mate 30 Pro 5G","22笔","巨利泰数码专营店","¥6899.00"
"vivo Z5X","4.0万笔","vivo官方旗舰店","¥1398.00"
"vivo Z5X","3919笔","苏宁易购官方旗舰店","¥1398.00"
"vivo Z5X","1836笔","vivo官方旗舰店","¥1398.00"
"vivo Z5X","1754笔","首佳誉数码专营店","¥1398.00"
"vivo Z5X","1073笔","能良数码官方旗舰店","¥1698.00"
"vivo Z5X","868笔","三际数码官方旗舰店","¥1698.00"
"vivo Z5X","770笔","vivo曼尼金专卖店","¥1398.00"
"vivo Z5X","529笔","vivo欧曙专卖店","¥1398.00"
"vivo Z5X","519笔","vivo官方旗舰店","¥1398.00"
"vivo Z5X","471笔","vivo天诚专卖店","¥1598.00"
"vivo Z5X","398笔","博盛景数码专营店","¥1398.00"
"vivo Z5X","332笔","vivo航鹰专卖店","¥1398.00"
"vivo Z5X","221笔","vivo智轩优品专卖店","¥1398.00"
"vivo Z5X","159笔","茂鹏数码专营店","¥1398.00"
"vivo Z5X","155笔","京联通达数码旗舰店","¥1398.00"
"vivo Z5X","106笔","博盛景数码专营店","¥1398.00"
"vivo Z5X","105笔","京联通达数码旗舰店","¥1398.00"
"vivo Z5X","73笔","vivo铁络专卖店","¥1698.00"
"vivo Z5X","63笔","恒盛纪元数码专营店","¥1398.00"
"vivo Z5X","56笔","vivo盛大信和专卖店","¥1398.00"
"vivo Z5X","38笔","中国移动官方旗舰店","¥1398.00"
"vivo Z5X","31笔","悦高数码专营店","¥1698.00"
"vivo Z5X","30笔","首佳誉数码专营店","¥1398.00"
"vivo Z5X","30笔","华飞数码专营店","¥1198.00"
"vivo Z5X","29笔","茂鹏数码专营店","¥1398.00"
"vivo Z5X","22笔","vivo天诚专卖店","¥1398.00"
"vivo Z5X","21笔","vivo智轩优品专卖店","¥1698.00"
"vivo Z5X","20笔","君问数码官方旗舰店","¥1398.00"
"vivo Z5X","16笔","恒盛纪元数码专营店","¥1398.00"
"vivo Z5X","14笔","vivo智轩优品专卖店","¥1698.00"
"HUAWEI nova 5 Pro","2.6万笔","华为官方旗舰店","¥2499.00"
"HUAWEI nova 5 Pro","5635笔","京合旗舰店","¥2499.00"
"HUAWEI nova 5 Pro","4065笔","苏宁易购官方旗舰店","¥2699.00"
"HUAWEI nova 5 Pro","1815笔","同步飞扬数码专营店","¥2499.00"
"HUAWEI nova 5 Pro","1542笔","蓝港数码专营店","¥2699.00"
"HUAWEI nova 5 Pro","1441笔","同迅数码专营店","¥2499.00"
"Xiaomi/小米 Redmi 8A","3.2万笔","小米官方旗舰店","¥749.00"
"Xiaomi/小米 Redmi 8A","5936笔","苏宁易购官方旗舰店","¥749.00"
"Xiaomi/小米 Redmi 8A","1555笔","小米官方旗舰店","¥749.00"
"Xiaomi/小米 Redmi 8A","1407笔","卓瓦数码专营店","¥769.00"
"Xiaomi/小米 Redmi 8A","1359笔","三际数码官方旗舰店","¥689.00"
"Xiaomi/小米 Redmi 8A","908笔","中国移动官方旗舰店","¥699.00"
"Xiaomi/小米 Redmi 8A","269笔","潍坊联通官方旗舰店","¥699.00"
"Xiaomi/小米 Redmi 8A","236笔","三际数码官方旗舰店","¥699.00"
"Xiaomi/小米 Redmi 8A","160笔","魅立数码专营店","¥699.00"
"Xiaomi/小米 Redmi 8A","72笔","玩风数码专营店","¥699.00"
"Xiaomi/小米 Redmi 8A","71笔","能良数码官方旗舰店","¥679.00"
"Xiaomi/小米 Redmi 8A","31笔","璟鑫手机专营店","¥799.00"
"Xiaomi/小米 Redmi 8A","30笔","小米合加专卖店","¥799.00"
"Xiaomi/小米 Redmi 8A","30笔","晋商数码专营店","¥699.00"
"Xiaomi/小米 Redmi 8A","30笔","卓瓦数码专营店","¥679.00"
"Xiaomi/小米 Redmi 8A","25笔","创汇通达数码旗舰店","¥679.00"
"Xiaomi/小米 Redmi 8A","24笔","君问数码官方旗舰店","¥689.00"
"Xiaomi/小米 Redmi 8A","19笔","热图数码专营店","¥699.00"
"Xiaomi/小米 Redmi 8A","15笔","民讯通数码专营店","¥669.00"
"Xiaomi/小米 Redmi 8A","13笔","华飞数码专营店","¥688.00"
"Xiaomi/小米 Redmi 8A","9笔","八联星数码专营店","¥688.00"
"Xiaomi/小米 Redmi 8A","9笔","创起数码专营店","¥699.00"
"Xiaomi/小米 Redmi 8A","9笔","新创野数码专营店","¥699.00"
"Xiaomi/小米 Redmi 8A","8笔","广东电信亿品汇专卖店","¥718.00"
"Xiaomi/小米 Redmi 8A","8笔","乐畔乐购旗舰店","¥699.00"
"Xiaomi/小米 Redmi 8A","7笔","中人通信数码旗舰店","¥749.00"
"Xiaomi/小米 Redmi 8A","5笔","智由掌控数码旗舰店","¥689.00"
"Xiaomi/小米 Redmi 8A","4笔","岸越数码专营店","¥699.00"
"Xiaomi/小米 Redmi 8A","3笔","乐自由数码专营店","¥719.00"
"Xiaomi/小米 Redmi 8A","2笔","启能数码专营店","¥639.00"
"HUAWEI 华为畅享10 plus","2.9万笔","华为官方旗舰店","¥1399.00"
"HUAWEI 华为畅享10 plus","2987笔","京合旗舰店","¥1899.00"
"HUAWEI 华为畅享10 plus","1966笔","蓝港数码专营店","¥1299.00"
"HUAWEI 华为畅享10 plus","1100笔","久汇数码专营店","¥1399.00"
"HUAWEI 华为畅享10 plus","1026笔","小淘器数码专营店","¥1399.00"
"HUAWEI 华为畅享10 plus","851笔","苏宁易购官方旗舰店","¥1899.00"
"HUAWEI 华为畅享10 plus","793笔","和来达数码专营店","¥1899.00"
"HUAWEI 华为畅享10 plus","539笔","同迅数码专营店","¥1899.00"
"HUAWEI 华为畅享10 plus","370笔","中国移动官方旗舰店","¥1899.00"
"HUAWEI 华为畅享10 plus","306笔","同步飞扬数码专营店","¥1899.00"
"HUAWEI 华为畅享10 plus","301笔","广东电信亿品汇专卖店","¥1098.00"
"HUAWEI 华为畅享10 plus","287笔","三际数码官方旗舰店","¥1119.00"
"HUAWEI 华为畅享10 plus","218笔","能良数码官方旗舰店","¥1699.00"
"HUAWEI 华为畅享10 plus","202笔","沙丁数码专营店","¥1399.00"
"HUAWEI 华为畅享10 plus","188笔","创汇通达数码旗舰店","¥1188.00"
"HUAWEI 华为畅享10 plus","170笔","旭远数码专营店","¥1699.00"
"HUAWEI 华为畅享10 plus","123笔","博盛景数码专营店","¥1299.00"
"HUAWEI 华为畅享10 plus","118笔","博海宇通数码专营店","¥1399.00"
"HUAWEI 华为畅享10 plus","118笔","魅立数码专营店","¥1988.00"
"HUAWEI 华为畅享10 plus","105笔","华为莫问专卖店","¥1768.00"
"HUAWEI 华为畅享10 plus","80笔","京联通达数码旗舰店","¥1699.00"
"HUAWEI 华为畅享10 plus","68笔","巨利泰数码专营店","¥1699.00"
"HUAWEI 华为畅享10 plus","43笔","冠晨伟业数码专营店","¥1699.00"
"HUAWEI 华为畅享10 plus","41笔","飞鸿数码旗舰店","¥1699.00"
"HUAWEI 华为畅享10 plus","37笔","卓瓦数码专营店","¥1699.00"
"HUAWEI 华为畅享10 plus","37笔","高远数码旗舰店","¥1799.00"
"HUAWEI 华为畅享10 plus","32笔","三际数码官方旗舰店","¥1399.00"
"HUAWEI 华为畅享10 plus","21笔","正飞中博数码旗舰店","¥1699.00"
"HUAWEI 华为畅享10 plus","20笔","君问数码官方旗舰店","¥1899.00"
"HUAWEI 华为畅享10 plus","18笔","绿森数码官方旗舰店","¥1799.00"
"HUAWEI HUAWEI Mate 30 5G","3.2万笔","华为官方旗舰店","¥4999.00"
"HUAWEI HUAWEI Mate 30 5G","3422笔","苏宁易购官方旗舰店","¥4999.00"
"HUAWEI HUAWEI Mate 30 5G","1080笔","同步飞扬数码专营店","¥4999.00"
"HUAWEI HUAWEI Mate 30 5G","740笔","三际数码官方旗舰店","¥4999.00"
"HUAWEI HUAWEI Mate 30 5G","531笔","广东电信亿品汇专卖店","¥4999.00"
"HUAWEI HUAWEI Mate 30 5G","529笔","能良数码官方旗舰店","¥4999.00"
"HUAWEI HUAWEI Mate 30 5G","479笔","蓝港数码专营店","¥4999.00"
"HUAWEI HUAWEI Mate 30 5G","474笔","华为莫问专卖店","¥4999.00"
"HUAWEI HUAWEI Mate 30 5G","472笔","创汇通达数码旗舰店","¥4999.00"
"HUAWEI HUAWEI Mate 30 5G","319笔","中国移动官方旗舰店","¥4999.00"
"HUAWEI HUAWEI Mate 30 5G","188笔","好机会数码旗舰店","¥4999.00"
"HUAWEI HUAWEI Mate 30 5G","159笔","京合旗舰店","¥4999.00"
"HUAWEI HUAWEI Mate 30 5G","118笔","沙丁数码专营店","¥4999.00"
"HUAWEI HUAWEI Mate 30 5G","90笔","君问数码官方旗舰店","¥4999.00"
"HUAWEI HUAWEI Mate 30 5G","73笔","中国移动手机官方旗舰店","¥5098.00"
"HUAWEI HUAWEI Mate 30 5G","71笔","大唐回浦数码旗舰店","¥4999.00"
"HUAWEI HUAWEI Mate 30 5G","66笔","旭远数码专营店","¥4299.00"
"HUAWEI HUAWEI Mate 30 5G","58笔","小淘器数码专营店","¥4999.00"
"HUAWEI HUAWEI Mate 30 5G","46笔","久汇数码专营店","¥4999.00"
"HUAWEI HUAWEI Mate 30 5G","45笔","绿森数码官方旗舰店","¥5499.00"
"HUAWEI HUAWEI Mate 30 5G","43笔","高远数码旗舰店","¥5138.00"
"HUAWEI HUAWEI Mate 30 5G","40笔","苏宁易购官方旗舰店","¥5499.00"
"HUAWEI HUAWEI Mate 30 5G","37笔","oksj数码旗舰店","¥4999.00"
"HUAWEI HUAWEI Mate 30 5G","31笔","话机世界官方旗舰店","¥5499.00"
"HUAWEI HUAWEI Mate 30 5G","28笔","博盛景数码专营店","¥5499.00"
"HUAWEI HUAWEI Mate 30 5G","24笔","三际数码官方旗舰店","¥4999.00"
"HUAWEI HUAWEI Mate 30 5G","23笔","京联通达数码旗舰店","¥4999.00"
"HUAWEI HUAWEI Mate 30 5G","22笔","卓瓦数码专营店","¥4999.00"
"HUAWEI HUAWEI Mate 30 5G","22笔","儒涵数码专营店","¥4999.00"
"HUAWEI HUAWEI Mate 30 5G","20笔","咪咕官方旗舰店","¥4999.00"
"Xiaomi/小米 Redmi Note 8","2.8万笔","小米官方旗舰店","¥1099.00"
"Xiaomi/小米 Redmi Note 8","6402笔","苏宁易购官方旗舰店","¥1099.00"
"Xiaomi/小米 Redmi Note 8","1403笔","三际数码官方旗舰店","¥1099.00"
"Xiaomi/小米 Redmi Note 8","721笔","小米官方旗舰店","¥1099.00"
"Xiaomi/小米 Redmi Note 8","721笔","能良数码官方旗舰店","¥1099.00"
"Xiaomi/小米 Redmi Note 8","413笔","同迅数码专营店","¥1088.00"
"Xiaomi/小米 Redmi Note 8","386笔","中国移动官方旗舰店","¥1099.00"
"Xiaomi/小米 Redmi Note 8","349笔","君问数码官方旗舰店","¥999.00"
"Xiaomi/小米 Redmi Note 8","332笔","广东电信亿品汇专卖店","¥1069.00"
"Xiaomi/小米 Redmi Note 8","147笔","卓瓦数码专营店","¥999.00"
"Xiaomi/小米 Redmi Note 8","118笔","魅立数码专营店","¥1079.00"
"Xiaomi/小米 Redmi Note 8","102笔","气樽数码专营店","¥999.00"
"Xiaomi/小米 Redmi Note 8","89笔","绿森数码官方旗舰店","¥1149.00"
"Xiaomi/小米 Redmi Note 8","88笔","创汇通达数码旗舰店","¥1099.00"
"Xiaomi/小米 Redmi Note 8","81笔","潍坊联通官方旗舰店","¥1299.00"
"Xiaomi/小米 Redmi Note 8","80笔","三际数码官方旗舰店","¥999.00"
"Xiaomi/小米 Redmi Note 8","69笔","小米合加专卖店","¥999.00"
"Xiaomi/小米 Redmi Note 8","57笔","飞鸿数码旗舰店","¥1299.00"
"Xiaomi/小米 Redmi Note 8","44笔","铨晟数码专营店","¥969.00"
"Xiaomi/小米 Redmi Note 8","39笔","乐畔乐购旗舰店","¥899.00"
"Xiaomi/小米 Redmi Note 8","19笔","久汇数码专营店","¥949.00"
"Xiaomi/小米 Redmi Note 8","18笔","璟鑫手机专营店","¥1189.00"
"Xiaomi/小米 Redmi Note 8","10笔","高远数码旗舰店","¥1399.00"
"Xiaomi/小米 Redmi Note 8","9笔","君胜数码专营店","¥1079.00"
"Xiaomi/小米 Redmi Note 8","7笔","玩风数码专营店","¥999.00"
"Xiaomi/小米 Redmi Note 8","7笔","华飞数码专营店","¥1129.00"
"Xiaomi/小米 Redmi Note 8","7笔","新创野数码专营店","¥959.00"
"Xiaomi/小米 Redmi Note 8","5笔","中人通信数码旗舰店","¥1099.00"
"Xiaomi/小米 Redmi Note 8","4笔","信息港数码专营店","¥1199.10"
"Xiaomi/小米 Redmi Note 8","4笔","和来达数码专营店","¥1399.00"
"vivo Z5","2.6万笔","vivo官方旗舰店","¥1598.00"
"vivo Z5","2445笔","苏宁易购官方旗舰店","¥1598.00"
"vivo Z5","1775笔","三际数码官方旗舰店","¥1598.00"
"vivo Z5","1635笔","vivo天诚专卖店","¥1698.00"
"vivo Z5","1348笔","vivo官方旗舰店","¥1598.00"
"vivo Z5","1229笔","vivo欧曙专卖店","¥1598.00"
"vivo Z5","856笔","能良数码官方旗舰店","¥1598.00"
"vivo Z5","548笔","vivo航鹰专卖店","¥1598.00"
"vivo Z5","521笔","vivo曼尼金专卖店","¥1648.00"
"vivo Z5","478笔","vivo官方旗舰店","¥1598.00"
"vivo Z5","470笔","vivo衡视专卖店","¥1398.00"
"vivo Z5","323笔","京联通达数码旗舰店","¥1598.00"
"vivo Z5","296笔","首佳誉数码专营店","¥1698.00"
"vivo Z5","281笔","博盛景数码专营店","¥1898.00"
"vivo Z5","268笔","vivo智轩优品专卖店","¥1648.00"
"vivo Z5","193笔","茂鹏数码专营店","¥1698.00"
"vivo Z5","185笔","翼天下天翼电信旗舰店","¥1598.00"
"vivo Z5","145笔","vivo铁络专卖店","¥1598.00"
"vivo Z5","116笔","中国移动官方旗舰店","¥1798.00"
"vivo Z5","105笔","vivo天诚专卖店","¥1398.00"
"vivo Z5","68笔","悦高数码专营店","¥1698.00"
"vivo Z5","56笔","vivo航鹰专卖店","¥1598.00"
"vivo Z5","36笔","恒盛纪元数码专营店","¥1398.00"
"vivo Z5","35笔","三际数码官方旗舰店","¥1398.00"
"vivo Z5","34笔","君问数码官方旗舰店","¥1398.00"
"vivo Z5","30笔","vivo亮和兄弟专卖店","¥1598.00"
"vivo Z5","23笔","vivo盛大信和专卖店","¥1398.00"
"vivo Z5","19笔","恒盛纪元数码专营店","¥2098.00"
"vivo Z5","12笔","茂鹏数码专营店","¥1698.00"
"vivo Z5","11笔","vivo亮和兄弟专卖店","¥2148.00"
"Xiaomi/小米 Redmi Note8 Pro","2.2万笔","小米官方旗舰店","¥1399.00"
"Xiaomi/小米 Redmi Note8 Pro","6716笔","苏宁易购官方旗舰店","¥1399.00"
"Xiaomi/小米 Redmi Note8 Pro","2789笔","小米官方旗舰店","¥1299.00"
"Xiaomi/小米 Redmi Note8 Pro","1608笔","三际数码官方旗舰店","¥1099.00"
"Xiaomi/小米 Redmi Note8 Pro","839笔","中国移动官方旗舰店","¥1099.00"
"Xiaomi/小米 Redmi Note8 Pro","682笔","广东电信亿品汇专卖店","¥1089.00"
"honor/荣耀 荣耀20","2.7万笔","荣耀官方旗舰店","¥2199.00"
"honor/荣耀 荣耀20","4656笔","苏宁易购官方旗舰店","¥2099.00"
"honor/荣耀 荣耀20","1100笔","三际数码官方旗舰店","¥2499.00"
"honor/荣耀 荣耀20","1059笔","荣耀官方旗舰店","¥2199.00"
"honor/荣耀 荣耀20","644笔","广东电信亿品汇专卖店","¥2299.00"
"honor/荣耀 荣耀20","498笔","君问数码官方旗舰店","¥2299.00"
"honor/荣耀 荣耀20","468笔","蓝港数码专营店","¥2499.00"
"honor/荣耀 荣耀20","460笔","中国移动官方旗舰店","¥2499.00"
"honor/荣耀 荣耀20","259笔","能良数码官方旗舰店","¥2499.00"
"honor/荣耀 荣耀20","191笔","博盛景数码专营店","¥2499.00"
"honor/荣耀 荣耀20","175笔","卓瓦数码专营店","¥2499.00"
"honor/荣耀 荣耀20","163笔","同迅数码专营店","¥2499.00"
"honor/荣耀 荣耀20","81笔","京合旗舰店","¥2499.00"
"honor/荣耀 荣耀20","44笔","创汇通达数码旗舰店","¥2499.00"
"honor/荣耀 荣耀20","36笔","久汇数码专营店","¥2499.00"
"honor/荣耀 荣耀20","31笔","飞鸿数码旗舰店","¥2499.00"
"honor/荣耀 荣耀20","26笔","oksj数码旗舰店","¥2099.00"
"honor/荣耀 荣耀20","23笔","乐哇数码专营店","¥2299.00"
"honor/荣耀 荣耀20","18笔","中国移动手机官方旗舰店","¥2499.00"
"honor/荣耀 荣耀20","13笔","翼天下天翼电信旗舰店","¥2499.00"
"honor/荣耀 荣耀20","10笔","博盛景数码专营店","¥2499.00"
"honor/荣耀 荣耀20","6笔","玩风数码专营店","¥2099.00"
"honor/荣耀 荣耀20","5笔","热图数码专营店","¥2499.00"
"honor/荣耀 荣耀20","5笔","博海宇通数码专营店","¥2499.00"
"honor/荣耀 荣耀20","5笔","同步飞扬数码专营店","¥2599.00"
"honor/荣耀 荣耀20","5笔","爱谷歌数码专营店","¥2499.00"
"honor/荣耀 荣耀20","4笔","卓瓦数码专营店","¥2299.00"
"honor/荣耀 荣耀20","4笔","迈微数码旗舰店","¥2199.00"
"honor/荣耀 荣耀20","4笔","小淘器数码专营店","¥2499.00"
"honor/荣耀 荣耀20","3笔","天猫全球官方店（澳洲）","¥2499.00"
"OPPO K5","1.8万笔","OPPO官方旗舰店","¥1799.00"
"OPPO K5","4634笔","苏宁易购官方旗舰店","¥1999.00"
"OPPO K5","1647笔","三际数码官方旗舰店","¥1999.00"
"OPPO K5","1476笔","能良数码官方旗舰店","¥1999.00"
"OPPO K5","1281笔","OPPO欧曙专卖店","¥1999.00"
"OPPO K5","1211笔","OPPO金谷专卖店","¥1999.00"
"OPPO K5","819笔","OPPO聚洪欧珀专卖店","¥1999.00"
"OPPO K5","769笔","OPPO酷炫专卖店","¥1999.00"
"OPPO K5","735笔","OPPO熊鑫专卖店","¥2099.00"
"OPPO K5","717笔","首佳誉数码专营店","¥1799.00"
"OPPO K5","615笔","OPPO平实专卖店","¥1999.00"
"OPPO K5","491笔","聚宝康数码专营店","¥1999.00"
"OPPO K5","420笔","OPPO官方旗舰店","¥2499.00"
"OPPO K5","396笔","OPPO谦亨专卖","¥1799.00"
"OPPO K5","356笔","时器数码专营店","¥1799.00"
"OPPO K5","169笔","苏宁易购官方旗舰店","¥2499.00"
"OPPO K5","154笔","能良数码官方旗舰店","¥1799.00"
"OPPO K5","94笔","佳惠兴通数码专营店","¥1999.00"
"OPPO K5","88笔","智宏新创数码专营店","¥1999.00"
"OPPO K5","84笔","OPPO酷炫专卖店","¥1799.00"
"OPPO K5","74笔","OPPO普天精诚专卖店","¥1799.00"
"OPPO K5","73笔","OPPO金谷专卖店","¥1799.00"
"OPPO K5","67笔","骏灿数码专营店","¥1999.00"
"OPPO K5","65笔","OPPO银通亿禾专卖店","¥1999.00"
"OPPO K5","61笔","OPPO平实专卖店","¥2499.00"
"OPPO K5","46笔","OPPO蓝源专卖店","¥1999.00"
"OPPO K5","29笔","OPPO熊鑫专卖店","¥2499.00"
"OPPO K5","27笔","三际数码官方旗舰店","¥1799.00"
"OPPO K5","22笔","智轩优品数码专营店","¥1999.00"
"OPPO K5","19笔","智宏新创数码专营店","¥1999.00"
"Xiaomi/小米 Redmi K30","2.8万笔","小米官方旗舰店","¥1699.00"
"Xiaomi/小米 Redmi K30","2376笔","苏宁易购官方旗舰店","¥1699.00"
"Xiaomi/小米 Redmi K30","928笔","三际数码官方旗舰店","¥1699.00"
"Xiaomi/小米 Redmi K30","830笔","能良数码官方旗舰店","¥1699.00"
"Xiaomi/小米 Redmi K30","670笔","广东电信亿品汇专卖店","¥1699.00"
"Xiaomi/小米 Redmi K30","617笔","魅立数码专营店","¥1699.00"
"Xiaomi/小米 Redmi K30","357笔","小米官方旗舰店","¥1699.00"
"Xiaomi/小米 Redmi K30","322笔","中国移动官方旗舰店","¥1699.00"
"Xiaomi/小米 Redmi K30","241笔","热图数码专营店","¥1699.00"
"Xiaomi/小米 Redmi K30","216笔","卓瓦数码专营店","¥1699.00"
"Xiaomi/小米 Redmi K30","168笔","连盛数码专营店","¥1699.00"
"Xiaomi/小米 Redmi K30","105笔","君问数码官方旗舰店","¥1699.00"
"Xiaomi/小米 Redmi K30","92笔","三际数码官方旗舰店","¥2199.00"
"Xiaomi/小米 Redmi K30","49笔","创汇通达数码旗舰店","¥1699.00"
"Xiaomi/小米 Redmi K30","41笔","玩风数码专营店","¥1699.00"
"Xiaomi/小米 Redmi K30","35笔","同迅数码专营店","¥1899.00"
"Xiaomi/小米 Redmi K30","30笔","东利数码专营店","¥1899.00"
"Xiaomi/小米 Redmi K30","26笔","小米合加专卖店","¥1709.00"
"Xiaomi/小米 Redmi K30","26笔","君胜数码专营店","¥2199.00"
"Xiaomi/小米 Redmi K30","19笔","气樽数码专营店","¥1549.00"
"Xiaomi/小米 Redmi K30","13笔","中人通信数码旗舰店","¥1699.00"
"Xiaomi/小米 Redmi K30","12笔","大唐回浦数码旗舰店","¥1899.00"
"Xiaomi/小米 Redmi K30","10笔","绿森数码官方旗舰店","¥1799.00"
"Xiaomi/小米 Redmi K30","8笔","久汇数码专营店","¥1699.00"
"Xiaomi/小米 Redmi K30","6笔","信通志远数码专营店","¥1699.00"
"Xiaomi/小米 Redmi K30","6笔","鹏瑶数码专营店","¥1899.00"
"Xiaomi/小米 Redmi K30","5笔","八连星手机专营店","¥1699.00"
"Xiaomi/小米 Redmi K30","3笔","创起数码专营店","¥1699.00"
"Xiaomi/小米 Redmi K30","3笔","话机世界官方旗舰店","¥1899.00"
"Xiaomi/小米 Redmi K30","3笔","剑涉数码专营店","¥2199.00"
"honor/荣耀 荣耀V20","2.1万笔","荣耀官方旗舰店","¥1699.00"
"honor/荣耀 荣耀V20","3828笔","苏宁易购官方旗舰店","¥1899.00"
"honor/荣耀 荣耀V20","2063笔","三际数码官方旗舰店","¥1699.00"
"honor/荣耀 荣耀V20","1319笔","中国移动官方旗舰店","¥2399.00"
"honor/荣耀 荣耀V20","1300笔","广东电信亿品汇专卖店","¥2399.00"
"honor/荣耀 荣耀V20","1116笔","蓝港数码专营店","¥1699.00"
"honor/荣耀 荣耀V20","517笔","荣耀官方旗舰店","¥1699.00"
"honor/荣耀 荣耀V20","472笔","oksj数码旗舰店","¥1699.00"
"honor/荣耀 荣耀V20","352笔","和来达数码专营店","¥1699.00"
"honor/荣耀 荣耀V20","241笔","能良数码官方旗舰店","¥1799.00"
"honor/荣耀 荣耀V20","199笔","博盛景数码专营店","¥2399.00"
"honor/荣耀 荣耀V20","163笔","君问数码官方旗舰店","¥1699.00"
"honor/荣耀 荣耀V20","132笔","卓瓦数码专营店","¥1699.00"
"honor/荣耀 荣耀V20","131笔","飞鸿数码旗舰店","¥2399.00"
"honor/荣耀 荣耀V20","116笔","京合旗舰店","¥2399.00"
"honor/荣耀 荣耀V20","81笔","久汇数码专营店","¥1849.00"
"honor/荣耀 荣耀V20","37笔","热图数码专营店","¥1829.00"
"honor/荣耀 荣耀V20","24笔","乐哇数码专营店","¥1699.00"
"honor/荣耀 荣耀V20","22笔","玩风数码专营店","¥1699.00"
"honor/荣耀 荣耀V20","21笔","创起数码专营店","¥1799.00"
"honor/荣耀 荣耀V20","19笔","创汇通达数码旗舰店","¥1699.00"
"honor/荣耀 荣耀V20","15笔","迈微数码旗舰店","¥1699.00"
"honor/荣耀 荣耀V20","13笔","同迅数码专营店","¥2399.00"
"honor/荣耀 荣耀V20","13笔","小淘器数码专营店","¥2699.00"
"honor/荣耀 荣耀V20","11笔","中国移动手机官方旗舰店","¥2399.00"
"honor/荣耀 荣耀V20","11笔","博盛景数码专营店","¥2549.00"
"honor/荣耀 荣耀V20","10笔","同步飞扬数码专营店","¥2399.00"
"honor/荣耀 荣耀V20","9笔","卓瓦数码专营店","¥1699.00"
"honor/荣耀 荣耀V20","7笔","天猫全球官方店（香港地区）","¥1799.00"
"honor/荣耀 荣耀V20","7笔","潍坊联通官方旗舰店","¥1699.00"
"Xiaomi/小米 Redmi K20 Pro 尊享版","2.4万笔","小米官方旗舰店","¥2799.00"
"Xiaomi/小米 Redmi K20 Pro 尊享版","5735笔","苏宁易购官方旗舰店","¥2999.00"
"Xiaomi/小米 Redmi K20 Pro 尊享版","2795笔","小米官方旗舰店","¥2799.00"
"Xiaomi/小米 Redmi K20 Pro 尊享版","172笔","三际数码官方旗舰店","¥2799.00"
"Xiaomi/小米 Redmi K20 Pro 尊享版","97笔","君胜数码专营店","¥2469.00"
"Xiaomi/小米 Redmi K20 Pro 尊享版","72笔","能良数码官方旗舰店","¥2799.00"
"Xiaomi/小米 Redmi K20 Pro 尊享版","71笔","广东电信亿品汇专卖店","¥2799.00"
"Xiaomi/小米 Redmi K20 Pro 尊享版","57笔","中国移动官方旗舰店","¥2299.00"
"Xiaomi/小米 Redmi K20 Pro 尊享版","45笔","苏宁易购官方旗舰店","¥2999.00"
"Xiaomi/小米 Redmi K20 Pro 尊享版","32笔","君问数码官方旗舰店","¥2949.00"
"Xiaomi/小米 Redmi K20 Pro 尊享版","31笔","魅立数码专营店","¥2699.00"
"Xiaomi/小米 Redmi K20 Pro 尊享版","21笔","卓瓦数码专营店","¥2899.00"
"Xiaomi/小米 Redmi K20 Pro 尊享版","18笔","玩风数码专营店","¥2399.00"
"Xiaomi/小米 Redmi K20 Pro 尊享版","7笔","热图数码专营店","¥2689.00"
"Xiaomi/小米 Redmi K20 Pro 尊享版","6笔","天猫全球官方店（新加坡）","¥2499.00"
"Xiaomi/小米 Redmi K20 Pro 尊享版","6笔","创起数码专营店","¥2859.00"
"Xiaomi/小米 Redmi K20 Pro 尊享版","4笔","中人通信数码旗舰店","¥2799.00"
"Xiaomi/小米 Redmi K20 Pro 尊享版","4笔","潍坊联通官方旗舰店","¥2879.00"
"Xiaomi/小米 Redmi K20 Pro 尊享版","2笔","迈微数码旗舰店","¥2988.00"
"Xiaomi/小米 Redmi K20 Pro 尊享版","2笔","和来达数码专营店","¥2638.00"
"Xiaomi/小米 Redmi K20 Pro 尊享版","2笔","沪淼手机专营店","¥2879.00"
"Xiaomi/小米 Redmi K20 Pro 尊享版","1笔","天猫全球官方店（加拿大）","¥2799.00"
"Xiaomi/小米 Redmi K20 Pro 尊享版","1笔","天猫全球官方店（美国）","¥2799.00"
"Xiaomi/小米 Redmi K20 Pro 尊享版","1笔","新创野数码专营店","¥2399.00"
"HUAWEI 华为畅享 9e","2.4万笔","华为官方旗舰店","¥699.00"
"HUAWEI 华为畅享 9e","3897笔","苏宁易购官方旗舰店","¥699.00"
"HUAWEI 华为畅享 9e","2408笔","苏宁易购官方旗舰店","¥699.00"
"HUAWEI 华为畅享 9e","856笔","中国移动官方旗舰店","¥689.00"
"HUAWEI 华为畅享 9e","227笔","启能数码专营店","¥498.00"
"HUAWEI 华为畅享 9e","96笔","三际数码官方旗舰店","¥729.00"
"HUAWEI 华为畅享 9e","95笔","小淘器数码专营店","¥899.00"
"HUAWEI 华为畅享 9e","92笔","君问数码官方旗舰店","¥679.00"
"HUAWEI 华为畅享 9e","41笔","久汇数码专营店","¥749.00"
"HUAWEI 华为畅享 9e","33笔","华为莫问专卖店","¥738.00"
"HUAWEI 华为畅享 9e","28笔","民讯通数码专营店","¥719.00"
"HUAWEI 华为畅享 9e","19笔","oksj数码旗舰店","¥699.00"
"HUAWEI 华为畅享 9e","18笔","玩风数码专营店","¥699.00"
"HUAWEI 华为畅享 9e","14笔","王者天创旗舰店","¥799.00"
"HUAWEI 华为畅享 9e","13笔","三际数码官方旗舰店","¥729.00"
"HUAWEI 华为畅享 9e","11笔","新创野数码专营店","¥699.00"
"HUAWEI 华为畅享 9e","9笔","中创青云数码专营店","¥799.00"
"HUAWEI 华为畅享 9e","8笔","乐自由数码专营店","¥799.00"
"HUAWEI 华为畅享 9e","7笔","能良数码官方旗舰店","¥749.00"
"HUAWEI 华为畅享 9e","7笔","好机会数码旗舰店","¥729.00"
"HUAWEI 华为畅享 9e","6笔","广东电信亿品汇专卖店","¥738.00"
"HUAWEI 华为畅享 9e","6笔","京合旗舰店","¥699.00"
"HUAWEI 华为畅享 9e","6笔","晋商数码专营店","¥695.00"
"HUAWEI 华为畅享 9e","6笔","优爱特手机专营店","¥698.00"
"HUAWEI 华为畅享 9e","5笔","创汇通达数码旗舰店","¥693.00"
"HUAWEI 华为畅享 9e","5笔","璟鑫手机专营店","¥719.00"
"HUAWEI 华为畅享 9e","5笔","博海宇通数码专营店","¥678.00"
"HUAWEI 华为畅享 9e","4笔","八联星数码专营店","¥698.00"
"HUAWEI 华为畅享 9e","4笔","鸿讯通数码旗舰店","¥799.00"
"HUAWEI 华为畅享 9e","4笔","新松联手机专营店","¥688.00"
"HUAWEI nova 6/nova 6 5G","2.5万笔","华为官方旗舰店","¥4199.00"
"HUAWEI nova 6/nova 6 5G","2631笔","苏宁易购官方旗舰店","¥3799.00"
"HUAWEI nova 6/nova 6 5G","448笔","京联通达数码旗舰店","¥3199.00"
"HUAWEI nova 6/nova 6 5G","411笔","同步飞扬数码专营店","¥3199.00"
"HUAWEI nova 6/nova 6 5G","293笔","华为莫问专卖店","¥3298.00"
"HUAWEI nova 6/nova 6 5G","261笔","广东电信亿品汇专卖店","¥3199.00"
"HUAWEI nova 6/nova 6 5G","213笔","中国移动官方旗舰店","¥3799.00"
"HUAWEI nova 6/nova 6 5G","201笔","京合旗舰店","¥3799.00"
"HUAWEI nova 6/nova 6 5G","170笔","同达丰数码旗舰店","¥3799.00"
"HUAWEI nova 6/nova 6 5G","167笔","博盛景数码专营店","¥3199.00"
"HUAWEI nova 6/nova 6 5G","162笔","君问数码官方旗舰店","¥3799.00"
"HUAWEI nova 6/nova 6 5G","124笔","蓝港数码专营店","¥3799.00"
"HUAWEI nova 6/nova 6 5G","110笔","三际数码官方旗舰店","¥3199.00"
"HUAWEI nova 6/nova 6 5G","89笔","智由掌控数码旗舰店","¥3799.00"
"HUAWEI nova 6/nova 6 5G","88笔","能良数码官方旗舰店","¥3799.00"
"HUAWEI nova 6/nova 6 5G","69笔","同迅数码专营店","¥3799.00"
"HUAWEI nova 6/nova 6 5G","60笔","小淘器数码专营店","¥3199.00"
"HUAWEI nova 6/nova 6 5G","53笔","星恒盛手机专营店","¥3799.00"
"HUAWEI nova 6/nova 6 5G","52笔","华为天鹰专卖店","¥4199.00"
"HUAWEI nova 6/nova 6 5G","52笔","咪咕官方旗舰店","¥3799.00"
"HUAWEI nova 6/nova 6 5G","51笔","旭远数码专营店","¥3799.00"
"HUAWEI nova 6/nova 6 5G","37笔","创汇通达数码旗舰店","¥4218.00"
"HUAWEI nova 6/nova 6 5G","29笔","八连星手机专营店","¥3799.00"
"HUAWEI nova 6/nova 6 5G","28笔","久汇数码专营店","¥3799.00"
"HUAWEI nova 6/nova 6 5G","21笔","三际数码官方旗舰店","¥3799.00"
"HUAWEI nova 6/nova 6 5G","20笔","沙丁数码专营店","¥3199.00"
"HUAWEI nova 6/nova 6 5G","17笔","好机会数码旗舰店","¥3799.00"
"HUAWEI nova 6/nova 6 5G","15笔","oksj数码旗舰店","¥3799.00"
"HUAWEI nova 6/nova 6 5G","15笔","中国电信官方旗舰店","¥3799.00"
"HUAWEI nova 6/nova 6 5G","14笔","迈微数码旗舰店","¥3799.00"
"HUAWEI nova 5z","2.4万笔","华为官方旗舰店","¥1799.00"
"HUAWEI nova 5z","1297笔","华为官方旗舰店","¥1599.00"
"HUAWEI nova 5z","772笔","中国移动官方旗舰店","¥1699.00"
"HUAWEI nova 5z","720笔","京合旗舰店","¥1499.00"
"HUAWEI nova 5z","646笔","苏宁易购官方旗舰店","¥1799.00"
"HUAWEI nova 5z","490笔","广东电信亿品汇专卖店","¥1699.00"
"HUAWEI nova 5z","445笔","小淘器数码专营店","¥1699.00"
"HUAWEI nova 5z","280笔","三际数码官方旗舰店","¥1799.00"
"HUAWEI nova 5z","258笔","沙丁数码专营店","¥1748.00"
"HUAWEI nova 5z","222笔","中国移动官方旗舰店","¥1699.00"
"HUAWEI nova 5z","168笔","久汇数码专营店","¥1599.00"
"HUAWEI nova 5z","154笔","华为莫问专卖店","¥1699.00"
"HUAWEI nova 5z","112笔","博盛景数码专营店","¥1499.00"
"HUAWEI nova 5z","94笔","卓瓦数码专营店","¥1699.00"
"HUAWEI nova 5z","86笔","创汇通达数码旗舰店","¥1634.00"
"HUAWEI nova 5z","74笔","魅立数码专营店","¥1699.00"
"HUAWEI nova 5z","63笔","华为莫问专卖店","¥1699.00"
"HUAWEI nova 5z","62笔","卓瓦数码专营店","¥1499.00"
"HUAWEI nova 5z","62笔","能良数码官方旗舰店","¥1799.00"
"HUAWEI nova 5z","55笔","三际数码官方旗舰店","¥1699.00"
"HUAWEI nova 5z","50笔","博海宇通数码专营店","¥1799.00"
"HUAWEI nova 5z","43笔","同步飞扬数码专营店","¥1699.00"
"HUAWEI nova 5z","39笔","君问数码官方旗舰店","¥1499.00"
"HUAWEI nova 5z","34笔","广东电信亿品汇专卖店","¥1499.00"
"HUAWEI nova 5z","22笔","君问数码官方旗舰店","¥1699.00"
"HUAWEI nova 5z","18笔","京联通达数码旗舰店","¥1499.00"
"HUAWEI nova 5z","16笔","小淘器数码专营店","¥1699.00"
"HUAWEI nova 5z","14笔","能良数码官方旗舰店","¥1799.00"
"HUAWEI nova 5z","12笔","民讯通数码专营店","¥1499.00"
"HUAWEI nova 5z","11笔","博海宇通数码专营店","¥1799.00"
"HUAWEI HUAWEI P30","2.0万笔","华为官方旗舰店","¥3688.00"
"HUAWEI HUAWEI P30","2809笔","苏宁易购官方旗舰店","¥3688.00"
"HUAWEI HUAWEI P30","1026笔","同步飞扬数码专营店","¥3388.00"
"HUAWEI HUAWEI P30","588笔","创汇通达数码旗舰店","¥3388.00"
"HUAWEI HUAWEI P30","491笔","蓝港数码专营店","¥3688.00"
"HUAWEI HUAWEI P30","483笔","能良数码官方旗舰店","¥3487.00"
"HUAWEI HUAWEI P30","461笔","三际数码官方旗舰店","¥4188.00"
"HUAWEI HUAWEI P30","265笔","中国移动官方旗舰店","¥4188.00"
"HUAWEI HUAWEI P30","265笔","和来达数码专营店","¥3388.00"
"HUAWEI HUAWEI P30","258笔","京合旗舰店","¥4237.00"
"HUAWEI HUAWEI P30","195笔","广东电信亿品汇专卖店","¥3388.00"
"HUAWEI HUAWEI P30","128笔","乐哇数码专营店","¥4188.00"
"HUAWEI HUAWEI P30","82笔","八连星手机专营店","¥3388.00"
"HUAWEI HUAWEI P30","72笔","飞鸿数码旗舰店","¥3688.00"
"HUAWEI HUAWEI P30","67笔","翼天下天翼电信旗舰店","¥3388.00"
"HUAWEI HUAWEI P30","52笔","君问数码官方旗舰店","¥4188.00"
"HUAWEI HUAWEI P30","51笔","小淘器数码专营店","¥3388.00"
"HUAWEI HUAWEI P30","46笔","华为莫问专卖店","¥3388.00"
"HUAWEI HUAWEI P30","33笔","中国移动手机官方旗舰店","¥3388.00"
"HUAWEI HUAWEI P30","29笔","同迅数码专营店","¥3388.00"
"HUAWEI HUAWEI P30","27笔","京联通达数码旗舰店","¥3388.00"
"HUAWEI HUAWEI P30","27笔","中电嘉信数码专营店","¥3388.00"
"HUAWEI HUAWEI P30","27笔","好机会数码旗舰店","¥3688.00"
"HUAWEI HUAWEI P30","26笔","顺电旗舰店","¥3388.00"
"HUAWEI HUAWEI P30","23笔","小范手机旗舰店","¥3688.00"
"HUAWEI HUAWEI P30","23笔","气樽数码专营店","¥3388.00"
"HUAWEI HUAWEI P30","22笔","凌志手机连锁旗舰店","¥3399.00"
"HUAWEI HUAWEI P30","22笔","oksj数码旗舰店","¥3688.00"
"HUAWEI HUAWEI P30","20笔","翼天下天翼电信旗舰店","¥3688.00"
"HUAWEI HUAWEI P30","18笔","高远数码旗舰店","¥3688.00"
"honor/荣耀 荣耀20i","1.2万笔","荣耀官方旗舰店","¥1399.00"
"honor/荣耀 荣耀20i","3902笔","广东电信亿品汇专卖店","¥1899.00"
"honor/荣耀 荣耀20i","3869笔","三际数码官方旗舰店","¥1799.00"
"honor/荣耀 荣耀20i","2582笔","苏宁易购官方旗舰店","¥1099.00"
"honor/荣耀 荣耀20i","1652笔","蓝港数码专营店","¥999.00"
"honor/荣耀 荣耀20i","945笔","荣耀官方旗舰店","¥1199.00"
"honor/荣耀 荣耀20i","557笔","能良数码官方旗舰店","¥1799.00"
"honor/荣耀 荣耀20i","467笔","中国移动官方旗舰店","¥1799.00"
"honor/荣耀 荣耀20i","422笔","久汇数码专营店","¥999.00"
"honor/荣耀 荣耀20i","356笔","卓瓦数码专营店","¥1849.00"
"honor/荣耀 荣耀20i","209笔","三际数码官方旗舰店","¥1099.00"
"honor/荣耀 荣耀20i","198笔","晋商数码专营店","¥968.00"
"honor/荣耀 荣耀20i","197笔","博盛景数码专营店","¥1099.00"
"honor/荣耀 荣耀20i","174笔","博海宇通数码专营店","¥999.00"
"honor/荣耀 荣耀20i","145笔","京合旗舰店","¥1799.00"
"honor/荣耀 荣耀20i","107笔","oksj数码旗舰店","¥999.00"
"honor/荣耀 荣耀20i","102笔","卓瓦数码专营店","¥1099.00"
"honor/荣耀 荣耀20i","61笔","君问数码官方旗舰店","¥1799.00"
"honor/荣耀 荣耀20i","52笔","同迅数码专营店","¥1099.00"
"honor/荣耀 荣耀20i","50笔","飞鸿数码旗舰店","¥1799.00"
"honor/荣耀 荣耀20i","43笔","和来达数码专营店","¥1099.00"
"honor/荣耀 荣耀20i","39笔","创汇通达数码旗舰店","¥1099.00"
"honor/荣耀 荣耀20i","32笔","小淘器数码专营店","¥1099.00"
"honor/荣耀 荣耀20i","18笔","飞鸿数码旗舰店","¥1799.00"
"honor/荣耀 荣耀20i","15笔","博盛景数码专营店","¥1099.00"
"honor/荣耀 荣耀20i","10笔","魅立数码专营店","¥1799.00"
"honor/荣耀 荣耀20i","10笔","同步飞扬数码专营店","¥1799.00"
"honor/荣耀 荣耀20i","9笔","翼天下天翼电信旗舰店","¥1099.00"
"honor/荣耀 荣耀20i","6笔","民讯通数码专营店","¥1399.00"
"honor/荣耀 荣耀20i","6笔","天杰数码专营店","¥1199.00"
"honor/荣耀 荣耀8X","1.8万笔","荣耀官方旗舰店","¥1099.00"
"honor/荣耀 荣耀8X","2793笔","苏宁易购官方旗舰店","¥1099.00"
"honor/荣耀 荣耀8X","1554笔","荣耀官方旗舰店","¥1099.00"
"honor/荣耀 荣耀8X","1467笔","oksj数码旗舰店","¥868.00"
"honor/荣耀 荣耀8X","827笔","三际数码官方旗舰店","¥879.00"
"honor/荣耀 荣耀8X","674笔","和来达数码专营店","¥878.00"
"honor/荣耀 荣耀8X","573笔","中国移动官方旗舰店","¥1299.00"
"honor/荣耀 荣耀8X","480笔","博盛景数码专营店","¥879.00"
"honor/荣耀 荣耀8X","238笔","能良数码官方旗舰店","¥879.00"
"honor/荣耀 荣耀8X","226笔","蓝港数码专营店","¥878.00"
"honor/荣耀 荣耀8X","200笔","京合旗舰店","¥1549.00"
"honor/荣耀 荣耀8X","138笔","千瑞宏达手机专营店","¥868.00"
"honor/荣耀 荣耀8X","136笔","博海宇通数码专营店","¥868.00"
"honor/荣耀 荣耀8X","113笔","广东电信亿品汇专卖店","¥1139.00"
"honor/荣耀 荣耀8X","69笔","同迅数码专营店","¥888.00"
"honor/荣耀 荣耀8X","49笔","久汇数码专营店","¥1149.00"
"honor/荣耀 荣耀8X","42笔","创汇通达数码旗舰店","¥1098.00"
"honor/荣耀 荣耀8X","40笔","华飞数码专营店","¥1129.00"
"honor/荣耀 荣耀8X","37笔","晨星泰合数码专营店","¥889.00"
"honor/荣耀 荣耀8X","33笔","卓瓦数码专营店","¥869.00"
"honor/荣耀 荣耀8X","22笔","启能数码专营店","¥1299.00"
"honor/荣耀 荣耀8X","19笔","玩风数码专营店","¥858.00"
"honor/荣耀 荣耀8X","16笔","晋商数码专营店","¥866.00"
"honor/荣耀 荣耀8X","15笔","潍坊联通官方旗舰店","¥919.00"
"honor/荣耀 荣耀8X","13笔","小淘器数码专营店","¥899.00"
"honor/荣耀 荣耀8X","13笔","飞鸿数码旗舰店","¥1549.00"
"honor/荣耀 荣耀8X","10笔","君问数码官方旗舰店","¥899.00"
"honor/荣耀 荣耀8X","10笔","新创野数码专营店","¥935.00"
"honor/荣耀 荣耀8X","9笔","同步飞扬数码专营店","¥1599.00"
"honor/荣耀 荣耀8X","8笔","乐哇数码专营店","¥899.00"
"vivo U3x","1.9万笔","vivo官方旗舰店","¥799.00"
"vivo U3x","3137笔","苏宁易购官方旗舰店","¥999.00"
"vivo U3x","590笔","vivo航鹰专卖店","¥999.00"
"vivo U3x","548笔","vivo官方旗舰店","¥799.00"
"vivo U3x","489笔","vivo官方旗舰店","¥999.00"
"vivo U3x","484笔","茂鹏数码专营店","¥999.00"
"vivo U3x","338笔","vivo衡视专卖店","¥999.00"
"vivo U3x","333笔","博盛景数码专营店","¥999.00"
"vivo U3x","323笔","vivo欧曙专卖店","¥999.00"
"vivo U3x","307笔","vivo智轩优品专卖店","¥999.00"
"vivo U3x","285笔","京联通达数码旗舰店","¥999.00"
"vivo U3x","261笔","能良数码官方旗舰店","¥999.00"
"vivo U3x","260笔","三际数码官方旗舰店","¥999.00"
"vivo U3x","138笔","vivo天诚专卖店","¥999.00"
"vivo U3x","89笔","vivo铁络专卖店","¥999.00"
"vivo U3x","72笔","悦高数码专营店","¥999.00"
"vivo U3x","62笔","vivo曼尼金专卖店","¥999.00"
"vivo U3x","59笔","翼天下天翼电信旗舰店","¥999.00"
"vivo U3x","57笔","首佳誉数码专营店","¥999.00"
"vivo U3x","46笔","京联通达数码旗舰店","¥999.00"
"vivo U3x","41笔","中国移动官方旗舰店","¥799.00"
"vivo U3x","40笔","vivo衡视专卖店","¥999.00"
"vivo U3x","37笔","vivo航鹰专卖店","¥999.00"
"vivo U3x","22笔","君问数码官方旗舰店","¥799.00"
"vivo U3x","22笔","茂鹏数码专营店","¥799.00"
"vivo U3x","16笔","vivo天诚专卖店","¥999.00"
"vivo U3x","13笔","三际数码官方旗舰店","¥799.00"
"vivo U3x","13笔","vivo亮和兄弟专卖店","¥999.00"
"vivo U3x","9笔","vivo欧曙专卖店","¥999.00"
"vivo U3x","8笔","博盛景数码专营店","¥999.00"
"HUAWEI 畅享9","1.1万笔","华为官方旗舰店","¥999.00"
"HUAWEI 畅享9","4183笔","博海宇通数码专营店","¥799.00"
"HUAWEI 畅享9","2407笔","小淘器数码专营店","¥999.00"
"HUAWEI 畅享9","2155笔","蓝港数码专营店","¥799.00"
"HUAWEI 畅享9","1880笔","巨利泰数码专营店","¥849.00"
"HUAWEI 畅享9","1145笔","久汇数码专营店","¥999.00"
"HUAWEI 畅享9","810笔","中国移动官方旗舰店","¥928.00"
"HUAWEI 畅享9","693笔","君问数码官方旗舰店","¥899.00"
"HUAWEI 畅享9","621笔","三际数码官方旗舰店","¥957.00"
"HUAWEI 畅享9","475笔","oksj数码旗舰店","¥828.00"
"HUAWEI 畅享9","179笔","京合旗舰店","¥1099.00"
"HUAWEI 畅享9","167笔","启能数码专营店","¥469.00"
"HUAWEI 畅享9","155笔","民讯通数码专营店","¥799.00"
"HUAWEI 畅享9","103笔","卓瓦数码专营店","¥798.00"
"HUAWEI 畅享9","77笔","翼天下天翼电信旗舰店","¥799.00"
"HUAWEI 畅享9","75笔","苏宁易购官方旗舰店","¥749.00"
"HUAWEI 畅享9","63笔","奥莱章华数码专营店","¥799.00"
"HUAWEI 畅享9","49笔","能良数码官方旗舰店","¥999.00"
"HUAWEI 畅享9","49笔","三际数码官方旗舰店","¥918.00"
"HUAWEI 畅享9","48笔","晋商数码专营店","¥839.00"
"HUAWEI 畅享9","36笔","同迅数码专营店","¥999.00"
"HUAWEI 畅享9","35笔","京联通达数码旗舰店","¥899.00"
"HUAWEI 畅享9","34笔","八联星数码专营店","¥828.00"
"HUAWEI 畅享9","29笔","飞鸿数码旗舰店","¥859.00"
"HUAWEI 畅享9","24笔","同步飞扬数码专营店","¥868.00"
"HUAWEI 畅享9","23笔","新松联手机专营店","¥988.00"
"HUAWEI 畅享9","22笔","潍坊联通官方旗舰店","¥888.00"
"HUAWEI 畅享9","21笔","创汇通达数码旗舰店","¥799.00"
"HUAWEI 畅享9","20笔","八连星手机专营店","¥535.00"
"HUAWEI 畅享9","19笔","冠晨伟业数码专营店","¥839.00"
"Apple/苹果 iPhone 8","1.8万笔","苏宁易购官方旗舰店","¥3488.00"
"Apple/苹果 iPhone 8","","Apple Store 官方旗舰店","¥3499.00"
"Apple/苹果 iPhone 8","1659笔","苏宁易购官方旗舰店","¥3999.00"
"Apple/苹果 iPhone 8","1336笔","苏宁易购官方旗舰店","¥3999.00"
"Apple/苹果 iPhone 8","99笔","中国移动官方旗舰店","¥3308.00"
"Apple/苹果 iPhone 8","80笔","三际数码官方旗舰店","¥3268.00"
"Apple/苹果 iPhone 8","40笔","搜酷数码专营店","¥3299.00"
"Apple/苹果 iPhone 8","29笔","苏宁易购官方旗舰店","¥4599.00"
"Apple/苹果 iPhone 8","26笔","轻松换数码旗舰店","¥3228.00"
"Apple/苹果 iPhone 8","16笔","能良数码官方旗舰店","¥3388.00"
"Apple/苹果 iPhone 8","15笔","翼天下天翼电信旗舰店","¥3338.00"
"Apple/苹果 iPhone 8","12笔","君问数码官方旗舰店","¥3298.00"
"Apple/苹果 iPhone 8","9笔","中国移动官方旗舰店","¥3308.00"
"Apple/苹果 iPhone 8","9笔","三际数码官方旗舰店","¥3688.00"
"Apple/苹果 iPhone 8","7笔","卓瓦数码专营店","¥3499.00"
"Apple/苹果 iPhone 8","6笔","沃晟智能设备专营店","¥3299.00"
"Apple/苹果 iPhone 8","4笔","子因数码专营店","¥3769.00"
"Apple/苹果 iPhone 8","4笔","中国移动手机官方旗舰店","¥3899.00"
"Apple/苹果 iPhone 8","4笔","apple领英专卖店","¥3240.00"
"Apple/苹果 iPhone 8","4笔","玩风数码专营店","¥3188.00"
"Apple/苹果 iPhone 8","3笔","东利数码专营店","¥3208.00"
"Apple/苹果 iPhone 8","2笔","虫马虫义数码专营店","¥3299.00"
"Apple/苹果 iPhone 8","2笔","全球至尚数码旗舰店","¥3759.00"
"Apple/苹果 iPhone 8","2笔","云南移动官方旗舰店","¥3759.00"
"Apple/苹果 iPhone XR","1.7万笔","苏宁易购官方旗舰店","¥5088.00"
"Apple/苹果 iPhone XR","","Apple Store 官方旗舰店","¥5299.00"
"Apple/苹果 iPhone XR","1543笔","苏宁易购官方旗舰店","¥5299.00"
"Apple/苹果 iPhone XR","254笔","中国移动官方旗舰店","¥4468.00"
"Apple/苹果 iPhone XR","223笔","三际数码官方旗舰店","¥4258.00"
"Apple/苹果 iPhone XR","217笔","虫马虫义数码专营店","¥5899.00"
"Apple/苹果 iPhone XR","195笔","翼天下天翼电信旗舰店","¥4498.00"
"Apple/苹果 iPhone XR","156笔","轻松换数码旗舰店","¥4268.00"
"Apple/苹果 iPhone XR","71笔","中国移动官方旗舰店","¥4899.00"
"Apple/苹果 iPhone XR","64笔","卓瓦数码专营店","¥4288.00"
"Apple/苹果 iPhone XR","63笔","苏宁易购官方旗舰店","¥6088.00"
"Apple/苹果 iPhone XR","62笔","中国电信官方旗舰店","¥4859.00"
"Apple/苹果 iPhone XR","59笔","搜酷数码专营店","¥4399.00"
"Apple/苹果 iPhone XR","51笔","君问数码官方旗舰店","¥4328.00"
"Apple/苹果 iPhone XR","35笔","轻松换数码旗舰店","¥4368.00"
"Apple/苹果 iPhone XR","28笔","中人通信数码旗舰店","¥4799.00"
"Apple/苹果 iPhone XR","25笔","卓瓦数码专营店","¥5229.00"
"Apple/苹果 iPhone XR","23笔","中国移动手机官方旗舰店","¥4299.00"
"Apple/苹果 iPhone XR","22笔","能良数码官方旗舰店","¥4588.00"
"Apple/苹果 iPhone XR","20笔","绿森数码官方旗舰店","¥4699.00"
"Apple/苹果 iPhone XR","12笔","子因数码专营店","¥4338.00"
"Apple/苹果 iPhone XR","10笔","博盛景数码专营店","¥4999.00"
"Apple/苹果 iPhone XR","10笔","卓辰数码旗舰店","¥4588.00"
"Apple/苹果 iPhone XR","9笔","鑫辉数码旗舰店","¥4799.00"
"Apple/苹果 iPhone XR","9笔","云南移动官方旗舰店","¥4799.00"
"Apple/苹果 iPhone XR","8笔","翼天下天翼电信旗舰店","¥5288.00"
"Apple/苹果 iPhone XR","6笔","迈微数码旗舰店","¥4779.00"
"Apple/苹果 iPhone XR","5笔","翼天下天翼电信旗舰店","¥4998.00"
"Apple/苹果 iPhone XR","5笔","天猫全球官方店（澳洲）","¥4399.00"
"Apple/苹果 iPhone XR","5笔","飞鸿数码旗舰店","¥4510.00"
"vivo iQOO Neo 855","1.4万笔","vivo官方旗舰店","¥2498.00"
"vivo iQOO Neo 855","1725笔","三际数码官方旗舰店","¥2498.00"
"vivo iQOO Neo 855","1510笔","苏宁易购官方旗舰店","¥2198.00"
"vivo iQOO Neo 855","891笔","能良数码官方旗舰店","¥2498.00"
"vivo iQOO Neo 855","685笔","vivo欧曙专卖店","¥2498.00"
"vivo iQOO Neo 855","672笔","京联通达数码旗舰店","¥2498.00"
"vivo iQOO Neo 855","596笔","vivo官方旗舰店","¥2498.00"
"vivo iQOO Neo 855","532笔","vivo衡视专卖店","¥2498.00"
"vivo iQOO Neo 855","512笔","vivo航鹰专卖店","¥2498.00"
"vivo iQOO Neo 855","495笔","vivo天诚专卖店","¥2498.00"
"vivo iQOO Neo 855","167笔","中国移动官方旗舰店","¥2498.00"
"vivo iQOO Neo 855","164笔","vivo航鹰专卖店","¥2498.00"
"vivo iQOO Neo 855","133笔","君问数码官方旗舰店","¥2498.00"
"vivo iQOO Neo 855","119笔","茂鹏数码专营店","¥2498.00"
"vivo iQOO Neo 855","114笔","vivo铁络专卖店","¥2498.00"
"vivo iQOO Neo 855","109笔","苏宁易购官方旗舰店","¥2298.00"
"vivo iQOO Neo 855","104笔","vivo官方旗舰店","¥2698.00"
"vivo iQOO Neo 855","71笔","首佳誉数码专营店","¥2598.00"
"vivo iQOO Neo 855","63笔","博盛景数码专营店","¥2298.00"
"vivo iQOO Neo 855","58笔","vivo航鹰专卖店","¥2298.00"
"vivo iQOO Neo 855","50笔","vivo智轩优品专卖店","¥2598.00"
"vivo iQOO Neo 855","49笔","vivo曼尼金专卖店","¥2498.00"
"vivo iQOO Neo 855","43笔","翼天下天翼电信旗舰店","¥2798.00"
"vivo iQOO Neo 855","35笔","天猫全球官方店（香港地区）","¥2098.00"
"vivo iQOO Neo 855","27笔","vivo天诚专卖店","¥2498.00"
"vivo iQOO Neo 855","26笔","君问数码官方旗舰店","¥2498.00"
"vivo iQOO Neo 855","24笔","博盛景数码专营店","¥2598.00"
"vivo iQOO Neo 855","17笔","恒盛纪元数码专营店","¥2498.00"
"vivo iQOO Neo 855","15笔","悦高数码专营店","¥2598.00"
"vivo iQOO Neo 855","14笔","茂鹏数码专营店","¥2498.00"
"honor/荣耀 荣耀Play3","1.5万笔","荣耀官方旗舰店","¥899.00"
"honor/荣耀 荣耀Play3","1636笔","蓝港数码专营店","¥799.00"
"honor/荣耀 荣耀Play3","1364笔","博海宇通数码专营店","¥799.00"
"honor/荣耀 荣耀Play3","1044笔","广东电信亿品汇专卖店","¥799.00"
"honor/荣耀 荣耀Play3","885笔","苏宁易购官方旗舰店","¥899.00"
"honor/荣耀 荣耀Play3","822笔","三际数码官方旗舰店","¥799.00"
"honor/荣耀 荣耀Play3","341笔","中国移动官方旗舰店","¥899.00"
"honor/荣耀 荣耀Play3","280笔","荣耀官方旗舰店","¥1299.00"
"honor/荣耀 荣耀Play3","220笔","卓瓦数码专营店","¥1299.00"
"honor/荣耀 荣耀Play3","204笔","久汇数码专营店","¥599.00"
"honor/荣耀 荣耀Play3","135笔","oksj数码旗舰店","¥799.00"
"honor/荣耀 荣耀Play3","118笔","魅立数码专营店","¥699.00"
"honor/荣耀 荣耀Play3","102笔","晋商数码专营店","¥779.00"
"honor/荣耀 荣耀Play3","81笔","启能数码专营店","¥778.00"
"honor/荣耀 荣耀Play3","55笔","民讯通数码专营店","¥779.00"
"honor/荣耀 荣耀Play3","53笔","博盛景数码专营店","¥799.00"
"honor/荣耀 荣耀Play3","50笔","同迅数码专营店","¥899.00"
"honor/荣耀 荣耀Play3","39笔","君问数码官方旗舰店","¥899.00"
"honor/荣耀 荣耀Play3","37笔","创汇通达数码旗舰店","¥899.00"
"honor/荣耀 荣耀Play3","30笔","铨晟数码专营店","¥799.00"
"honor/荣耀 荣耀Play3","29笔","能良数码官方旗舰店","¥899.00"
"honor/荣耀 荣耀Play3","28笔","京合旗舰店","¥799.00"
"honor/荣耀 荣耀Play3","27笔","信通志远数码专营店","¥799.00"
"honor/荣耀 荣耀Play3","17笔","晨星泰合数码专营店","¥799.00"
"honor/荣耀 荣耀Play3","13笔","新创野数码专营店","¥799.00"
"honor/荣耀 荣耀Play3","8笔","乐哇数码专营店","¥899.00"
"honor/荣耀 荣耀Play3","8笔","优爱特手机专营店","¥799.00"
"honor/荣耀 荣耀Play3","7笔","星恒盛手机专营店","¥799.00"
"honor/荣耀 荣耀Play3","7笔","同步飞扬数码专营店","¥899.00"
"honor/荣耀 荣耀Play3","7笔","飞鸿数码旗舰店","¥899.00"
"Apple/苹果 Apple iPhone 11","2.0万笔","洋桃旗舰店","¥4749.00"
"Apple/苹果 Apple iPhone 11","636笔","武汉电信旗舰","¥5799.00"
"Apple/苹果 Apple iPhone 11","393笔","四川移动官方旗舰店","¥5738.00"
"Apple/苹果 Apple iPhone 11","339笔","能良数码官方旗舰店","¥6088.00"
"Apple/苹果 Apple iPhone 11","41笔","星恒盛手机专营店","¥5798.00"
"Apple/苹果 Apple iPhone 11","8笔","三际数码官方旗舰店","¥5288.00"
"Apple/苹果 Apple iPhone 11","2笔","鹏瑶数码专营店","¥5699.00"
"Apple/苹果 Apple iPhone 11","1笔","同迅数码专营店","¥6498.00"
"Apple/苹果 Apple iPhone 11","0笔","晋商数码专营店","¥5299.00"
"Apple/苹果 Apple iPhone 11","0笔","莫拉克数码专营店","¥5888.00"
"Apple/苹果 Apple iPhone 11","0笔","江苏电信旗舰店","¥5499.00"
"vivo iQOO Pro 5G","1.0万笔","vivo官方旗舰店","¥3798.00"
"vivo iQOO Pro 5G","1138笔","苏宁易购官方旗舰店","¥3498.00"
"vivo iQOO Pro 5G","1051笔","三际数码官方旗舰店","¥3798.00"
"vivo iQOO Pro 5G","872笔","能良数码官方旗舰店","¥3498.00"
"vivo iQOO Pro 5G","859笔","vivo欧曙专卖店","¥3798.00"
"vivo iQOO Pro 5G","708笔","vivo衡视专卖店","¥3798.00"
"vivo iQOO Pro 5G","681笔","京联通达数码旗舰店","¥3498.00"
"vivo iQOO Pro 5G","665笔","vivo天诚专卖店","¥3798.00"
"vivo iQOO Pro 5G","660笔","vivo航鹰专卖店","¥3798.00"
"vivo iQOO Pro 5G","648笔","vivo曼尼金专卖店","¥3798.00"
"vivo iQOO Pro 5G","541笔","茂鹏数码专营店","¥3798.00"
"vivo iQOO Pro 5G","264笔","vivo铁络专卖店","¥3498.00"
"vivo iQOO Pro 5G","234笔","vivo官方旗舰店","¥3698.00"
"vivo iQOO Pro 5G","165笔","vivo航鹰专卖店","¥3798.00"
"vivo iQOO Pro 5G","138笔","博盛景数码专营店","¥3798.00"
"vivo iQOO Pro 5G","120笔","君问数码官方旗舰店","¥3498.00"
"vivo iQOO Pro 5G","92笔","中国移动官方旗舰店","¥3798.00"
"vivo iQOO Pro 5G","76笔","首佳誉数码专营店","¥3798.00"
"vivo iQOO Pro 5G","68笔","vivo智轩优品专卖店","¥3498.00"
"vivo iQOO Pro 5G","50笔","悦高数码专营店","¥3998.00"
"vivo iQOO Pro 5G","38笔","茂鹏数码专营店","¥3798.00"
"vivo iQOO Pro 5G","34笔","vivo天诚专卖店","¥3798.00"
"vivo iQOO Pro 5G","34笔","vivo航鹰专卖店","¥3798.00"
"vivo iQOO Pro 5G","33笔","三际数码官方旗舰店","¥3798.00"
"vivo iQOO Pro 5G","30笔","vivo衡视专卖店","¥3498.00"
"vivo iQOO Pro 5G","21笔","苏宁易购官方旗舰店","¥3498.00"
"vivo iQOO Pro 5G","20笔","翼天下天翼电信旗舰店","¥3998.00"
"vivo iQOO Pro 5G","18笔","vivo盛大信和专卖店","¥3798.00"
"vivo iQOO Pro 5G","17笔","恒盛纪元数码专营店","¥3798.00"
"vivo iQOO Pro 5G","17笔","苏宁易购官方旗舰店","¥3998.00"
"HUAWEI HUAWEI Mate 30","1.6万笔","华为官方旗舰店","¥4299.00"
"HUAWEI HUAWEI Mate 30","2356笔","苏宁易购官方旗舰店","¥4299.00"
"HUAWEI HUAWEI Mate 30","467笔","蓝港数码专营店","¥3999.00"
"HUAWEI HUAWEI Mate 30","367笔","三际数码官方旗舰店","¥4498.00"
"HUAWEI HUAWEI Mate 30","276笔","同步飞扬数码专营店","¥3999.00"
"HUAWEI HUAWEI Mate 30","185笔","卓瓦数码专营店","¥3999.00"
"honor/荣耀 荣耀20S","1.3万笔","荣耀官方旗舰店","¥1499.00"
"honor/荣耀 荣耀20S","3605笔","苏宁易购官方旗舰店","¥1599.00"
"honor/荣耀 荣耀20S","1325笔","广东电信亿品汇专卖店","¥1599.00"
"honor/荣耀 荣耀20S","1084笔","三际数码官方旗舰店","¥1499.00"
"honor/荣耀 荣耀20S","592笔","荣耀官方旗舰店","¥1499.00"
"honor/荣耀 荣耀20S","424笔","中国移动官方旗舰店","¥1999.00"
"honor/荣耀 荣耀20S","373笔","蓝港数码专营店","¥1499.00"
"honor/荣耀 荣耀20S","226笔","博盛景数码专营店","¥1599.00"
"honor/荣耀 荣耀20S","97笔","卓瓦数码专营店","¥1999.00"
"honor/荣耀 荣耀20S","93笔","京合旗舰店","¥1599.00"
"honor/荣耀 荣耀20S","84笔","能良数码官方旗舰店","¥1499.00"
"honor/荣耀 荣耀20S","83笔","飞鸿数码旗舰店","¥1999.00"
"honor/荣耀 荣耀20S","77笔","oksj数码旗舰店","¥1499.00"
"honor/荣耀 荣耀20S","48笔","久汇数码专营店","¥1599.00"
"honor/荣耀 荣耀20S","37笔","沃晟智能设备专营店","¥1599.00"
"honor/荣耀 荣耀20S","37笔","君问数码官方旗舰店","¥1999.00"
"honor/荣耀 荣耀20S","31笔","创汇通达数码旗舰店","¥1549.00"
"honor/荣耀 荣耀20S","28笔","同迅数码专营店","¥1999.00"
"honor/荣耀 荣耀20S","14笔","乐哇数码专营店","¥1599.00"
"honor/荣耀 荣耀20S","9笔","博海宇通数码专营店","¥1599.00"
"honor/荣耀 荣耀20S","7笔","王者天创旗舰店","¥1999.00"
"honor/荣耀 荣耀20S","6笔","卓瓦数码专营店","¥1599.00"
"honor/荣耀 荣耀20S","4笔","翼天下天翼电信旗舰店","¥2199.00"
"honor/荣耀 荣耀20S","4笔","荣耀来音专卖店","¥1599.00"
"honor/荣耀 荣耀20S","4笔","同步飞扬数码专营店","¥1699.00"
"honor/荣耀 荣耀20S","4笔","正飞中博数码旗舰店","¥1999.00"
"honor/荣耀 荣耀20S","3笔","创起数码专营店","¥1599.00"
"honor/荣耀 荣耀20S","3笔","小淘器数码专营店","¥1999.00"
"honor/荣耀 荣耀20S","3笔","千瑞宏达手机专营店","¥1599.00"
"honor/荣耀 荣耀20S","2笔","博盛景数码专营店","¥1999.00"
"HUAWEI HUAWEI P30 PRO","9928笔","华为官方旗舰店","¥4488.00"
"HUAWEI HUAWEI P30 PRO","3770笔","苏宁易购官方旗舰店","¥4488.00"
"HUAWEI HUAWEI P30 PRO","1161笔","同步飞扬数码专营店","¥4188.00"
"HUAWEI HUAWEI P30 PRO","938笔","京合旗舰店","¥5037.00"
"HUAWEI HUAWEI P30 PRO","546笔","广东电信亿品汇专卖店","¥3388.00"
"HUAWEI HUAWEI P30 PRO","524笔","三际数码官方旗舰店","¥4488.00"
"HUAWEI HUAWEI P30 PRO","411笔","蓝港数码专营店","¥3388.00"
"HUAWEI HUAWEI P30 PRO","402笔","创汇通达数码旗舰店","¥3388.00"
"HUAWEI HUAWEI P30 PRO","321笔","能良数码官方旗舰店","¥5087.00"
"HUAWEI HUAWEI P30 PRO","291笔","中国移动官方旗舰店","¥3388.00"
"HUAWEI HUAWEI P30 PRO","265笔","京联通达数码旗舰店","¥4488.00"
"HUAWEI HUAWEI P30 PRO","156笔","oksj数码旗舰店","¥3388.00"
"HUAWEI HUAWEI P30 PRO","119笔","乐哇数码专营店","¥5788.00"
"HUAWEI HUAWEI P30 PRO","70笔","华为莫问专卖店","¥5037.00"
"HUAWEI HUAWEI P30 PRO","68笔","中国电信官方旗舰店","¥4988.00"
"HUAWEI HUAWEI P30 PRO","62笔","翼天下天翼电信旗舰店","¥4988.00"
"HUAWEI HUAWEI P30 PRO","61笔","淘金数码专营店","¥5988.00"
"HUAWEI HUAWEI P30 PRO","60笔","三际数码官方旗舰店","¥4488.00"
"HUAWEI HUAWEI P30 PRO","52笔","君问数码官方旗舰店","¥4988.00"
"HUAWEI HUAWEI P30 PRO","46笔","卓瓦数码专营店","¥3388.00"
"HUAWEI HUAWEI P30 PRO","31笔","中国移动手机官方旗舰店","¥4488.00"
"HUAWEI HUAWEI P30 PRO","26笔","久汇数码专营店","¥3388.00"
"HUAWEI HUAWEI P30 PRO","24笔","飞鸿数码旗舰店","¥4488.00"
"HUAWEI HUAWEI P30 PRO","19笔","沙丁数码专营店","¥4988.00"
"HUAWEI HUAWEI P30 PRO","17笔","鸿讯通数码旗舰店","¥4988.00"
"HUAWEI HUAWEI P30 PRO","16笔","小淘器数码专营店","¥5037.00"
"HUAWEI HUAWEI P30 PRO","14笔","广东电信亿品汇专卖店","¥4488.00"
"HUAWEI HUAWEI P30 PRO","12笔","同迅数码专营店","¥5788.00"
"HUAWEI HUAWEI P30 PRO","11笔","华子聚源手机专营店","¥4488.00"
"HUAWEI HUAWEI P30 PRO","9笔","和来达数码专营店","¥3388.00"
"HUAWEI 华为畅享10","1.5万笔","华为官方旗舰店","¥1349.00"
"HUAWEI 华为畅享10","1579笔","巨利泰数码专营店","¥799.00"
"HUAWEI 华为畅享10","551笔","京合旗舰店","¥899.00"
"HUAWEI 华为畅享10","473笔","久汇数码专营店","¥1349.00"
"HUAWEI 华为畅享10","296笔","苏宁易购官方旗舰店","¥1399.00"
"HUAWEI 华为畅享10","178笔","小淘器数码专营店","¥1199.00"
"HUAWEI 华为畅享10","145笔","蓝港数码专营店","¥1399.00"
"HUAWEI 华为畅享10","139笔","三际数码官方旗舰店","¥1199.00"
"HUAWEI 华为畅享10","135笔","同迅数码专营店","¥1199.00"
"HUAWEI 华为畅享10","134笔","旭远数码专营店","¥1199.00"
"HUAWEI 华为畅享10","65笔","中国移动官方旗舰店","¥1349.00"
"HUAWEI 华为畅享10","46笔","高远数码旗舰店","¥1199.00"
"HUAWEI 华为畅享10","37笔","绿森数码官方旗舰店","¥1199.00"
"HUAWEI 华为畅享10","29笔","卓瓦数码专营店","¥855.00"
"HUAWEI 华为畅享10","25笔","好机会数码旗舰店","¥1199.00"
"HUAWEI 华为畅享10","24笔","中国移动手机官方旗舰店","¥1199.00"
"HUAWEI 华为畅享10","23笔","魅立数码专营店","¥1399.00"
"HUAWEI 华为畅享10","23笔","能良数码官方旗舰店","¥1399.00"
"HUAWEI 华为畅享10","21笔","华为莫问专卖店","¥1199.00"
"HUAWEI 华为畅享10","21笔","博海宇通数码专营店","¥1199.00"
"HUAWEI 华为畅享10","18笔","中国电信官方旗舰店","¥1199.00"
"HUAWEI 华为畅享10","16笔","启能数码专营店","¥819.00"
"HUAWEI 华为畅享10","16笔","王者天创旗舰店","¥1199.00"
"HUAWEI 华为畅享10","16笔","创宇嘉汇数码专营店","¥899.00"
"HUAWEI 华为畅享10","14笔","广东电信亿品汇专卖店","¥1199.00"
"HUAWEI 华为畅享10","14笔","三际数码官方旗舰店","¥1349.00"
"HUAWEI 华为畅享10","12笔","京联通达数码旗舰店","¥1199.00"
"HUAWEI 华为畅享10","12笔","中创青云数码专营店","¥1399.00"
"HUAWEI 华为畅享10","11笔","迈微数码旗舰店","¥1199.00"
"HUAWEI 华为畅享10","8笔","能良数码官方旗舰店","¥1349.00"
"OPPO Reno Ace","8016笔","OPPO官方旗舰店","¥2999.00"
"OPPO Reno Ace","1945笔","苏宁易购官方旗舰店","¥2999.00"
"OPPO Reno Ace","1581笔","三际数码官方旗舰店","¥2999.00"
"OPPO Reno Ace","1521笔","OPPO平实专卖店","¥3799.00"
"OPPO Reno Ace","1406笔","OPPO欧曙专卖店","¥2999.00"
"OPPO Reno Ace","1088笔","能良数码官方旗舰店","¥2999.00"
"OPPO Reno Ace","644笔","OPPO官方旗舰店","¥3799.00"
"OPPO Reno Ace","633笔","OPPO熊鑫专卖店","¥3199.00"
"OPPO Reno Ace","493笔","OPPO酷炫专卖店","¥3199.00"
"OPPO Reno Ace","267笔","苏宁易购官方旗舰店","¥3599.00"
"OPPO Reno Ace","254笔","智宏新创数码专营店","¥3199.00"
"OPPO Reno Ace","202笔","OPPO金谷专卖店","¥3199.00"
"OPPO Reno Ace","194笔","时器数码专营店","¥2999.00"
"OPPO Reno Ace","174笔","佳惠兴通数码专营店","¥3199.00"
"OPPO Reno Ace","170笔","OPPO聚洪欧珀专卖店","¥3199.00"
"OPPO Reno Ace","161笔","聚宝康数码专营店","¥3199.00"
"OPPO Reno Ace","95笔","OPPO官方旗舰店","¥3199.00"
"OPPO Reno Ace","90笔","首佳誉数码专营店","¥2999.00"
"OPPO Reno Ace","49笔","骏灿数码专营店","¥3699.00"
"OPPO Reno Ace","36笔","三际数码官方旗舰店","¥3599.00"
"OPPO Reno Ace","31笔","OPPO熊鑫专卖店","¥3599.00"
"OPPO Reno Ace","30笔","智宏新创数码专营店","¥3799.00"
"OPPO Reno Ace","20笔","OPPO普天精诚专卖店","¥3199.00"
"OPPO Reno Ace","19笔","佳惠兴通数码专营店","¥3799.00"
"OPPO Reno Ace","16笔","能良数码官方旗舰店","¥3199.00"
"OPPO Reno Ace","14笔","OPPO平实专卖店","¥3799.00"
"OPPO Reno Ace","14笔","OPPO酷炫专卖店","¥3199.00"
"OPPO Reno Ace","13笔","OPPO初然专卖店","¥3199.00"
"OPPO Reno Ace","12笔","OPPO欧曙专卖店","¥3199.00"
"OPPO Reno Ace","12笔","OPPO银通亿禾专卖店","¥3199.00"
"Xiaomi/小米 小米CC 9E","1.3万笔","小米官方旗舰店","¥1299.00"
"Xiaomi/小米 小米CC 9E","1349笔","小米官方旗舰店","¥1299.00"
"Xiaomi/小米 小米CC 9E","624笔","中国移动官方旗舰店","¥1159.00"
"Xiaomi/小米 小米CC 9E","528笔","广东电信亿品汇专卖店","¥999.00"
"Xiaomi/小米 小米CC 9E","511笔","能良数码官方旗舰店","¥999.00"
"Xiaomi/小米 小米CC 9E","487笔","三际数码官方旗舰店","¥999.00"
"Xiaomi/小米 小米CC 9E","486笔","中创青云数码专营店","¥1049.00"
"Xiaomi/小米 小米CC 9E","389笔","苏宁易购官方旗舰店","¥1099.00"
"Xiaomi/小米 小米CC 9E","307笔","创汇通达数码旗舰店","¥1129.00"
"Xiaomi/小米 小米CC 9E","252笔","创宇嘉汇数码专营店","¥1029.00"
"Xiaomi/小米 小米CC 9E","180笔","久汇数码专营店","¥1149.00"
"Xiaomi/小米 小米CC 9E","141笔","君问数码官方旗舰店","¥1199.00"
"Xiaomi/小米 小米CC 9E","66笔","璟鑫手机专营店","¥1169.00"
"Xiaomi/小米 小米CC 9E","57笔","玩风数码专营店","¥1099.00"
"Xiaomi/小米 小米CC 9E","55笔","华飞数码专营店","¥1149.00"
"Xiaomi/小米 小米CC 9E","34笔","卓瓦数码专营店","¥1138.00"
"Xiaomi/小米 小米CC 9E","34笔","和来达数码专营店","¥999.00"
"Xiaomi/小米 小米CC 9E","27笔","启能数码专营店","¥1099.00"
"Xiaomi/小米 小米CC 9E","22笔","飞鸿数码旗舰店","¥1299.00"
"Xiaomi/小米 小米CC 9E","19笔","小米合加专卖店","¥999.00"
"Xiaomi/小米 小米CC 9E","14笔","魅立数码专营店","¥1039.00"
"Xiaomi/小米 小米CC 9E","13笔","优爱特手机专营店","¥1088.00"
"Xiaomi/小米 小米CC 9E","13笔","八联星数码专营店","¥1099.00"
"Xiaomi/小米 小米CC 9E","11笔","全球至尚数码旗舰店","¥1199.00"
"Apple/苹果 iPhone 11 Pro Max","","Apple Store 官方旗舰店","¥10899.00"
"Apple/苹果 iPhone 11 Pro Max","5226笔","苏宁易购官方旗舰店","¥10899.00"
"Apple/苹果 iPhone 11 Pro Max","1178笔","绿森数码官方旗舰店","¥9599.00"
"Apple/苹果 iPhone 11 Pro Max","703笔","苏宁易购官方旗舰店","¥9599.00"
"Apple/苹果 iPhone 11 Pro Max","251笔","中国移动官方旗舰店","¥10258.00"
"Apple/苹果 iPhone 11 Pro Max","231笔","三际数码官方旗舰店","¥10388.00"
"Apple/苹果 iPhone 11 Pro Max","98笔","博盛景数码专营店","¥10358.00"
"Apple/苹果 iPhone 11 Pro Max","72笔","翼天下天翼电信旗舰店","¥10499.00"
"Apple/苹果 iPhone 11 Pro Max","72笔","卓瓦数码专营店","¥8988.00"
"Apple/苹果 iPhone 11 Pro Max","69笔","能良数码官方旗舰店","¥10358.00"
"Apple/苹果 iPhone 11 Pro Max","56笔","中国移动官方旗舰店","¥10398.00"
"Apple/苹果 iPhone 11 Pro Max","43笔","中国移动手机官方旗舰店","¥10399.00"
"Apple/苹果 iPhone 11 Pro Max","40笔","迈微数码旗舰店","¥10199.00"
"Apple/苹果 iPhone 11 Pro Max","31笔","中国移动手机官方旗舰店","¥10399.00"
"Apple/苹果 iPhone 11 Pro Max","30笔","广东电信亿品汇专卖店","¥9058.00"
"Apple/苹果 iPhone 11 Pro Max","23笔","大唐回浦数码旗舰店","¥10399.00"
"Apple/苹果 iPhone 11 Pro Max","17笔","博盛景数码专营店","¥10999.00"
"Apple/苹果 iPhone 11 Pro Max","17笔","易联讯达旗舰店","¥12699.00"
"Apple/苹果 iPhone 11 Pro Max","16笔","京合旗舰店","¥10899.00"
"Apple/苹果 iPhone 11 Pro Max","16笔","卓瓦数码专营店","¥10899.00"
"Apple/苹果 iPhone 11 Pro Max","14笔","君问数码官方旗舰店","¥10318.00"
"Apple/苹果 iPhone 11 Pro Max","14笔","鑫辉数码旗舰店","¥10299.00"
"Apple/苹果 iPhone 11 Pro Max","12笔","创汇通达数码旗舰店","¥9299.00"
"Apple/苹果 iPhone 11 Pro Max","12笔","新联智尚数码旗舰店","¥10409.00"
"Apple/苹果 iPhone 11 Pro Max","10笔","乐自由数码专营店","¥12199.00"
"Apple/苹果 iPhone 11 Pro Max","8笔","云南移动官方旗舰店","¥9999.00"
"Apple/苹果 iPhone 11 Pro Max","6笔","卡俐特数码专营店","¥10389.00"
"Apple/苹果 iPhone 11 Pro Max","6笔","高远数码旗舰店","¥10199.00"
"Apple/苹果 iPhone 11 Pro Max","6笔","恒泰数码专营店","¥12299.00"
"Apple/苹果 iPhone 11 Pro Max","5笔","轻松换数码旗舰店","¥8888.00"
"honor/荣耀 荣耀magic 2","1.4万笔","荣耀官方旗舰店","¥1999.00"
"honor/荣耀 荣耀magic 2","1631笔","荣耀官方旗舰店","¥1799.00"
"honor/荣耀 荣耀magic 2","564笔","蓝港数码专营店","¥1889.00"
"honor/荣耀 荣耀magic 2","272笔","博盛景数码专营店","¥1888.00"
"honor/荣耀 荣耀magic 2","204笔","广东电信亿品汇专卖店","¥1889.00"
"honor/荣耀 荣耀magic 2","158笔","卓瓦数码专营店","¥1889.00"
"honor/荣耀 荣耀magic 2","155笔","连盛数码专营店","¥1858.00"
"honor/荣耀 荣耀magic 2","147笔","三际数码官方旗舰店","¥1849.00"
"honor/荣耀 荣耀magic 2","62笔","能良数码官方旗舰店","¥1899.00"
"honor/荣耀 荣耀magic 2","45笔","魅立数码专营店","¥1869.00"
"honor/荣耀 荣耀magic 2","44笔","中国移动官方旗舰店","¥1899.00"
"honor/荣耀 荣耀magic 2","41笔","京合旗舰店","¥1999.00"
"honor/荣耀 荣耀magic 2","40笔","君问数码官方旗舰店","¥1999.00"
"honor/荣耀 荣耀magic 2","29笔","久汇数码专营店","¥1799.00"
"honor/荣耀 荣耀magic 2","22笔","创汇通达数码旗舰店","¥1998.00"
"honor/荣耀 荣耀magic 2","16笔","贝希尔手机专营店","¥1999.00"
"honor/荣耀 荣耀magic 2","16笔","新松联手机专营店","¥2399.00"
"honor/荣耀 荣耀magic 2","15笔","玩风数码专营店","¥1999.00"
"honor/荣耀 荣耀magic 2","11笔","卓瓦数码专营店","¥2099.00"
"honor/荣耀 荣耀magic 2","11笔","华飞数码专营店","¥1799.00"
"honor/荣耀 荣耀magic 2","11笔","苏宁易购官方旗舰店","¥1999.00"
"honor/荣耀 荣耀magic 2","10笔","博海宇通数码专营店","¥1858.00"
"honor/荣耀 荣耀magic 2","10笔","创起数码专营店","¥2399.00"
"honor/荣耀 荣耀magic 2","8笔","晋商数码专营店","¥1859.00"
"honor/荣耀 荣耀magic 2","8笔","博盛景数码专营店","¥1799.00"
"honor/荣耀 荣耀magic 2","7笔","三际数码官方旗舰店","¥1849.00"
"honor/荣耀 荣耀magic 2","6笔","和来达数码专营店","¥1999.00"
"honor/荣耀 荣耀magic 2","6笔","新创野数码专营店","¥2399.00"
"honor/荣耀 荣耀magic 2","4笔","君胜数码专营店","¥1999.00"
"honor/荣耀 荣耀magic 2","3笔","全球至尚数码旗舰店","¥1819.00"
"Xiaomi/小米 Redmi 7A","7801笔","小米官方旗舰店","¥599.00"
"Xiaomi/小米 Redmi 7A","6276笔","苏宁易购官方旗舰店","¥599.00"
"Xiaomi/小米 Redmi 7A","1206笔","小米官方旗舰店","¥599.00"
"Xiaomi/小米 Redmi 7A","580笔","卓瓦数码专营店","¥469.00"
"Xiaomi/小米 Redmi 7A","385笔","玩风数码专营店","¥528.00"
"Xiaomi/小米 Redmi 7A","243笔","小米合加专卖店","¥549.00"
"Xiaomi/小米 Redmi 7A","161笔","中国移动官方旗舰店","¥479.00"
"Xiaomi/小米 Redmi 7A","157笔","三际数码官方旗舰店","¥469.00"
"Xiaomi/小米 Redmi 7A","44笔","潍坊联通官方旗舰店","¥498.00"
"Xiaomi/小米 Redmi 7A","35笔","优爱特手机专营店","¥468.00"
"Xiaomi/小米 Redmi 7A","35笔","晋商数码专营店","¥548.00"
"Xiaomi/小米 Redmi 7A","33笔","能良数码官方旗舰店","¥559.00"
"Xiaomi/小米 Redmi 7A","27笔","君问数码官方旗舰店","¥479.00"
"Xiaomi/小米 Redmi 7A","25笔","华飞数码专营店","¥478.00"
"Xiaomi/小米 Redmi 7A","24笔","八联星数码专营店","¥478.00"
"Xiaomi/小米 Redmi 7A","22笔","绿森数码官方旗舰店","¥549.00"
"Xiaomi/小米 Redmi 7A","16笔","岸越数码专营店","¥539.00"
"Xiaomi/小米 Redmi 7A","15笔","璟鑫手机专营店","¥559.00"
"Xiaomi/小米 Redmi 7A","12笔","创起数码专营店","¥489.00"
"Xiaomi/小米 Redmi 7A","11笔","旭翼数码专营店","¥545.00"
"Xiaomi/小米 Redmi 7A","7笔","中国移动手机官方旗舰店","¥549.00"
"Xiaomi/小米 Redmi 7A","7笔","创汇通达数码旗舰店","¥479.00"
"Xiaomi/小米 Redmi 7A","7笔","三际数码官方旗舰店","¥549.00"
"Xiaomi/小米 Redmi 7A","7笔","冠晨伟业数码专营店","¥529.00"
"Xiaomi/小米 Redmi 7A","7笔","联通华盛手机官方旗舰店","¥519.00"
"Xiaomi/小米 Redmi 7A","5笔","剑涉数码专营店","¥479.00"
"Xiaomi/小米 Redmi 7A","4笔","云南移动官方旗舰店","¥579.00"
"Xiaomi/小米 Redmi 7A","3笔","和来达数码专营店","¥508.00"
"Xiaomi/小米 Redmi 7A","3笔","博珏数码专营店","¥499.00"
"Xiaomi/小米 Redmi 7A","3笔","民讯通数码专营店","¥479.00"
"honor/荣耀 荣耀20青春版","9871笔","荣耀官方旗舰店","¥1099.00"
"honor/荣耀 荣耀20青春版","2032笔","京合旗舰店","¥1099.00"
"honor/荣耀 荣耀20青春版","968笔","荣耀官方旗舰店","¥1099.00"
"honor/荣耀 荣耀20青春版","883笔","苏宁易购官方旗舰店","¥1099.00"
"honor/荣耀 荣耀20青春版","804笔","广东电信亿品汇专卖店","¥1699.00"
"honor/荣耀 荣耀20青春版","790笔","三际数码官方旗舰店","¥1099.00"
"honor/荣耀 荣耀20青春版","487笔","蓝港数码专营店","¥1099.00"
"honor/荣耀 荣耀20青春版","147笔","久汇数码专营店","¥1379.00"
"honor/荣耀 荣耀20青春版","136笔","博盛景数码专营店","¥1099.00"
"honor/荣耀 荣耀20青春版","126笔","苏宁易购官方旗舰店","¥1399.00"
"honor/荣耀 荣耀20青春版","108笔","中国移动官方旗舰店","¥1099.00"
"honor/荣耀 荣耀20青春版","95笔","能良数码官方旗舰店","¥1099.00"
"honor/荣耀 荣耀20青春版","75笔","飞鸿数码旗舰店","¥1899.00"
"honor/荣耀 荣耀20青春版","64笔","卓瓦数码专营店","¥1699.00"
"honor/荣耀 荣耀20青春版","57笔","oksj数码旗舰店","¥1799.00"
"honor/荣耀 荣耀20青春版","30笔","京联通达数码旗舰店","¥1499.00"
"honor/荣耀 荣耀20青春版","25笔","同迅数码专营店","¥1699.00"
"honor/荣耀 荣耀20青春版","19笔","卓瓦数码专营店","¥1399.00"
"honor/荣耀 荣耀20青春版","7笔","君问数码官方旗舰店","¥1399.00"
"honor/荣耀 荣耀20青春版","6笔","小淘器数码专营店","¥1099.00"
"honor/荣耀 荣耀20青春版","5笔","沃晟智能设备专营店","¥1699.00"
"honor/荣耀 荣耀20青春版","5笔","大唐回浦数码旗舰店","¥1699.00"
"honor/荣耀 荣耀20青春版","3笔","创汇通达数码旗舰店","¥1699.00"
"honor/荣耀 荣耀20青春版","3笔","乐哇数码专营店","¥1399.00"
"honor/荣耀 荣耀20青春版","3笔","创起数码专营店","¥1099.00"
"honor/荣耀 荣耀20青春版","2笔","热图数码专营店","¥1499.00"
"honor/荣耀 荣耀20青春版","2笔","凌志手机连锁旗舰店","¥1699.00"
"honor/荣耀 荣耀20青春版","2笔","启能数码专营店","¥1949.00"
"honor/荣耀 荣耀20青春版","2笔","潍坊联通官方旗舰店","¥1699.00"
"honor/荣耀 荣耀20青春版","2笔","璟鑫手机专营店","¥1399.00"
"honor/荣耀 荣耀V30","1.2万笔","荣耀官方旗舰店","¥3699.00"
"honor/荣耀 荣耀V30","1263笔","苏宁易购官方旗舰店","¥3299.00"
"honor/荣耀 荣耀V30","339笔","荣耀官方旗舰店","¥3699.00"
"honor/荣耀 荣耀V30","274笔","蓝港数码专营店","¥3699.00"
"honor/荣耀 荣耀V30","203笔","连盛数码专营店","¥3299.00"
"honor/荣耀 荣耀V30","193笔","广东电信亿品汇专卖店","¥3699.00"
"honor/荣耀 荣耀V30","186笔","三际数码官方旗舰店","¥3299.00"
"honor/荣耀 荣耀V30","161笔","博盛景数码专营店","¥3399.00"
"honor/荣耀 荣耀V30","140笔","能良数码官方旗舰店","¥3299.00"
"honor/荣耀 荣耀V30","128笔","中国移动官方旗舰店","¥3299.00"
"honor/荣耀 荣耀V30","85笔","迈微数码旗舰店","¥3299.00"
"honor/荣耀 荣耀V30","68笔","京合旗舰店","¥3299.00"
"honor/荣耀 荣耀V30","50笔","君问数码官方旗舰店","¥3299.00"
"honor/荣耀 荣耀V30","37笔","卓瓦数码专营店","¥3299.00"
"honor/荣耀 荣耀V30","33笔","魅立数码专营店","¥3299.00"
"honor/荣耀 荣耀V30","27笔","君胜数码专营店","¥3299.00"
"honor/荣耀 荣耀V30","18笔","广东电信亿品汇专卖店","¥3699.00"
"honor/荣耀 荣耀V30","18笔","鹏瑶数码专营店","¥3299.00"
"honor/荣耀 荣耀V30","17笔","东利数码专营店","¥3299.00"
"honor/荣耀 荣耀V30","15笔","oksj数码旗舰店","¥3299.00"
"honor/荣耀 荣耀V30","12笔","大唐回浦数码旗舰店","¥3699.00"
"honor/荣耀 荣耀V30","11笔","飞鸿数码旗舰店","¥3699.00"
"honor/荣耀 荣耀V30","11笔","创汇通达数码旗舰店","¥3299.00"
"honor/荣耀 荣耀V30","8笔","热图数码专营店","¥3299.00"
"OPPO K3","1.1万笔","OPPO官方旗舰店","¥1799.00"
"OPPO K3","1781笔","苏宁易购官方旗舰店","¥1799.00"
"OPPO K3","1255笔","OPPO欧曙专卖店","¥1399.00"
"OPPO K3","738笔","OPPO普天精诚专卖店","¥1399.00"
"OPPO K3","529笔","OPPO酷炫专卖店","¥1799.00"
"OPPO K3","314笔","OPPO熊鑫专卖店","¥1799.00"
"OPPO K3","251笔","首佳誉数码专营店","¥1399.00"
"OPPO K3","208笔","OPPO平实专卖店","¥1799.00"
"OPPO K3","114笔","智宏新创数码专营店","¥1399.00"
"OPPO K3","101笔","时器数码专营店","¥1399.00"
"OPPO K3","87笔","亿拓源数码配件专营店","¥1399.00"
"OPPO K3","83笔","佳惠兴通数码专营店","¥1399.00"
"OPPO K3","38笔","OPPO聚洪欧珀专卖店","¥1399.00"
"OPPO K3","29笔","OPPO普天精诚专卖店","¥1399.00"
"OPPO K3","25笔","乐语数码旗舰店","¥2299.00"
"OPPO K3","15笔","OPPO熊鑫专卖店","¥2299.00"
"OPPO K3","12笔","OPPO银通亿禾专卖店","¥1399.00"
"OPPO K3","12笔","OPPO谦亨专卖","¥1399.00"
"OPPO K3","12笔","骏灿数码专营店","¥1399.00"
"OPPO K3","11笔","佳惠兴通数码专营店","¥1399.00"
"OPPO K3","10笔","OPPO银通亿禾专卖店","¥1399.00"
"OPPO K3","8笔","时器数码专营店","¥1399.00"
"OPPO K3","6笔","智宏新创数码专营店","¥1399.00"
"OPPO K3","5笔","金网数码专营店","¥1399.00"
"OPPO K3","5笔","OPPO熊鑫专卖店","¥1399.00"
"OPPO K3","3笔","话机世界官方旗舰店","¥1399.00"
"OPPO K3","3笔","远宏科华数码专营店","¥2299.00"
"OPPO K3","2笔","话机世界官方旗舰店","¥1399.00"
"OPPO K3","1笔","智宏新创数码专营店","¥2299.00"
"HUAWEI SPN-AL00","9526笔","华为官方旗舰店","¥1799.00"
"HUAWEI SPN-AL00","964笔","京合旗舰店","¥2099.00"
"HUAWEI SPN-AL00","940笔","蓝港数码专营店","¥1999.00"
"HUAWEI SPN-AL00","608笔","苏宁易购官方旗舰店","¥2099.00"
"HUAWEI SPN-AL00","536笔","小淘器数码专营店","¥2099.00"
"HUAWEI SPN-AL00","133笔","三际数码官方旗舰店","¥2399.00"
"HUAWEI SPN-AL00","116笔","能良数码官方旗舰店","¥2099.00"
"HUAWEI SPN-AL00","100笔","广东电信亿品汇专卖店","¥1799.00"
"HUAWEI SPN-AL00","78笔","同步飞扬数码专营店","¥2399.00"
"HUAWEI SPN-AL00","73笔","中国移动官方旗舰店","¥2399.00"
"HUAWEI SPN-AL00","59笔","旭远数码专营店","¥2099.00"
"HUAWEI SPN-AL00","55笔","京联通达数码旗舰店","¥2488.00"
"HUAWEI SPN-AL00","50笔","创汇通达数码旗舰店","¥1799.00"
"HUAWEI SPN-AL00","32笔","久汇数码专营店","¥1799.00"
"HUAWEI SPN-AL00","31笔","博海宇通数码专营店","¥2099.00"
"HUAWEI SPN-AL00","30笔","飞鸿数码旗舰店","¥2099.00"
"HUAWEI SPN-AL00","20笔","同迅数码专营店","¥2099.00"
"HUAWEI SPN-AL00","18笔","乐哇数码专营店","¥2099.00"
"HUAWEI SPN-AL00","12笔","oksj数码旗舰店","¥2099.00"
"HUAWEI SPN-AL00","9笔","华为莫问专卖店","¥2099.00"
"HUAWEI SPN-AL00","8笔","王者天创旗舰店","¥2599.00"
"HUAWEI SPN-AL00","7笔","易橙数码专营店","¥2099.00"
"HUAWEI SPN-AL00","6笔","博盛景数码专营店","¥2099.00"
"HUAWEI SPN-AL00","6笔","浙江移动官方旗舰店","¥1999.00"
"HUAWEI SPN-AL00","6笔","小范手机旗舰店","¥2599.00"
"HUAWEI SPN-AL00","5笔","沙丁数码专营店","¥1799.00"
"HUAWEI SPN-AL00","5笔","中人通信数码旗舰店","¥2099.00"
"HUAWEI SPN-AL00","4笔","君问数码官方旗舰店","¥2399.00"
"HUAWEI SPN-AL00","4笔","晨星泰合数码专营店","¥2399.00"
"HUAWEI SPN-AL00","4笔","和来达数码专营店","¥2299.00"
"Apple/苹果 iPhone 11 Pro","","Apple Store 官方旗舰店","¥9999.00"
"Apple/苹果 iPhone 11 Pro","3530笔","苏宁易购官方旗舰店","¥9999.00"
"Apple/苹果 iPhone 11 Pro","1063笔","苏宁易购官方旗舰店","¥9999.00"
"Apple/苹果 iPhone 11 Pro","548笔","绿森数码官方旗舰店","¥9999.00"
"Apple/苹果 iPhone 11 Pro","166笔","中国移动官方旗舰店","¥9598.00"
"Apple/苹果 iPhone 11 Pro","104笔","三际数码官方旗舰店","¥9558.00"
"Apple/苹果 iPhone 11 Pro","97笔","翼天下天翼电信旗舰店","¥9699.00"
"Apple/苹果 iPhone 11 Pro","85笔","中国移动手机官方旗舰店","¥9499.00"
"Apple/苹果 iPhone 11 Pro","84笔","博盛景数码专营店","¥9588.00"
"Apple/苹果 iPhone 11 Pro","72笔","卓瓦数码专营店","¥9488.00"
"Apple/苹果 iPhone 11 Pro","50笔","中国移动官方旗舰店","¥9598.00"
"Apple/苹果 iPhone 11 Pro","45笔","翼天下天翼电信旗舰店","¥8199.00"
"Apple/苹果 iPhone 11 Pro","40笔","迈微数码旗舰店","¥9379.00"
"Apple/苹果 iPhone 11 Pro","36笔","鑫辉数码旗舰店","¥8199.00"
"Apple/苹果 iPhone 11 Pro","30笔","广东电信亿品汇专卖店","¥9458.00"
"Apple/苹果 iPhone 11 Pro","23笔","能良数码官方旗舰店","¥8258.00"
"Apple/苹果 iPhone 11 Pro","19笔","中国移动手机官方旗舰店","¥9499.00"
"Apple/苹果 iPhone 11 Pro","15笔","新联智尚数码旗舰店","¥9539.00"
"Apple/苹果 iPhone 11 Pro","13笔","云南移动官方旗舰店","¥9399.00"
"Apple/苹果 iPhone 11 Pro","13笔","中国电信官方旗舰店","¥8099.00"
"Apple/苹果 iPhone 11 Pro","11笔","博盛景数码专营店","¥10199.00"
"Apple/苹果 iPhone 11 Pro","7笔","大唐回浦数码旗舰店","¥9699.00"
"Apple/苹果 iPhone 11 Pro","7笔","武汉电信旗舰","¥8299.00"
"Apple/苹果 iPhone 11 Pro","6笔","飞鸿数码旗舰店","¥9999.00"
"Apple/苹果 iPhone 11 Pro","6笔","易联讯达旗舰店","¥11799.00"
"Apple/苹果 iPhone 11 Pro","5笔","轻松换数码旗舰店","¥9488.00"
"Apple/苹果 iPhone 11 Pro","5笔","创汇通达数码旗舰店","¥9488.00"
"Apple/苹果 iPhone 11 Pro","5笔","君问数码官方旗舰店","¥8218.00"
"Apple/苹果 iPhone 11 Pro","5笔","卓瓦数码专营店","¥10188.00"
"Apple/苹果 iPhone 11 Pro","5笔","卓辰数码旗舰店","¥9498.00"
"honor/荣耀 荣耀畅玩8A","8050笔","荣耀官方旗舰店","¥599.00"
"honor/荣耀 荣耀畅玩8A","1887笔","苏宁易购官方旗舰店","¥599.00"
"honor/荣耀 荣耀畅玩8A","634笔","晋商数码专营店","¥568.00"
"honor/荣耀 荣耀畅玩8A","582笔","荣耀官方旗舰店","¥599.00"
"honor/荣耀 荣耀畅玩8A","437笔","三际数码官方旗舰店","¥599.00"
"honor/荣耀 荣耀畅玩8A","334笔","博海宇通数码专营店","¥589.00"
"honor/荣耀 荣耀畅玩8A","8050笔","荣耀官方旗舰店","¥599.00"
"honor/荣耀 荣耀畅玩8A","1887笔","苏宁易购官方旗舰店","¥599.00"
"honor/荣耀 荣耀畅玩8A","634笔","晋商数码专营店","¥568.00"
"honor/荣耀 荣耀畅玩8A","582笔","荣耀官方旗舰店","¥599.00"
"honor/荣耀 荣耀畅玩8A","437笔","三际数码官方旗舰店","¥599.00"
"honor/荣耀 荣耀畅玩8A","334笔","博海宇通数码专营店","¥589.00"
"honor/荣耀 荣耀畅玩8A","8050笔","荣耀官方旗舰店","¥599.00"
"honor/荣耀 荣耀畅玩8A","1887笔","苏宁易购官方旗舰店","¥599.00"
"honor/荣耀 荣耀畅玩8A","634笔","晋商数码专营店","¥568.00"
"honor/荣耀 荣耀畅玩8A","582笔","荣耀官方旗舰店","¥599.00"
"honor/荣耀 荣耀畅玩8A","437笔","三际数码官方旗舰店","¥599.00"
"honor/荣耀 荣耀畅玩8A","334笔","博海宇通数码专营店","¥589.00"
"honor/荣耀 荣耀畅玩8A","8050笔","荣耀官方旗舰店","¥599.00"
"honor/荣耀 荣耀畅玩8A","1887笔","苏宁易购官方旗舰店","¥599.00"
"honor/荣耀 荣耀畅玩8A","634笔","晋商数码专营店","¥568.00"
"honor/荣耀 荣耀畅玩8A","582笔","荣耀官方旗舰店","¥599.00"
"honor/荣耀 荣耀畅玩8A","437笔","三际数码官方旗舰店","¥599.00"
"honor/荣耀 荣耀畅玩8A","334笔","博海宇通数码专营店","¥589.00"
"honor/荣耀 荣耀畅玩8A","8050笔","荣耀官方旗舰店","¥599.00"
"honor/荣耀 荣耀畅玩8A","1887笔","苏宁易购官方旗舰店","¥599.00"
"honor/荣耀 荣耀畅玩8A","634笔","晋商数码专营店","¥568.00"
"honor/荣耀 荣耀畅玩8A","582笔","荣耀官方旗舰店","¥599.00"
"honor/荣耀 荣耀畅玩8A","437笔","三际数码官方旗舰店","¥599.00"
"honor/荣耀 荣耀畅玩8A","334笔","博海宇通数码专营店","¥589.00"
"HUAWEI nova 5i","5495笔","华为官方旗舰店","¥1999.00"
"HUAWEI nova 5i","2557笔","小淘器数码专营店","¥1999.00"
"HUAWEI nova 5i","2377笔","蓝港数码专营店","¥2199.00"
"HUAWEI nova 5i","464笔","苏宁易购官方旗舰店","¥1999.00"
"HUAWEI nova 5i","269笔","晨星泰合数码专营店","¥1999.00"
"HUAWEI nova 5i","234笔","京联通达数码旗舰店","¥1999.00"
"HUAWEI nova 5i","131笔","中国移动官方旗舰店","¥1799.00"
"HUAWEI nova 5i","128笔","京合旗舰店","¥1999.00"
"HUAWEI nova 5i","65笔","广东电信亿品汇专卖店","¥1799.00"
"HUAWEI nova 5i","63笔","旭远数码专营店","¥1799.00"
"HUAWEI nova 5i","52笔","博海宇通数码专营店","¥1999.00"
"HUAWEI nova 5i","45笔","潍坊联通官方旗舰店","¥1999.00"
"HUAWEI nova 5i","44笔","高远数码旗舰店","¥1999.00"
"HUAWEI nova 5i","41笔","奥莱章华数码专营店","¥1799.00"
"HUAWEI nova 5i","34笔","能良数码官方旗舰店","¥1999.00"
"HUAWEI nova 5i","28笔","玩风数码专营店","¥1999.00"
"HUAWEI nova 5i","28笔","中国移动手机官方旗舰店","¥1999.00"
"HUAWEI nova 5i","26笔","飞鸿数码旗舰店","¥1999.00"
"HUAWEI nova 5i","23笔","同迅数码专营店","¥1999.00"
"HUAWEI nova 5i","22笔","三际数码官方旗舰店","¥1999.00"
"HUAWEI nova 5i","17笔","同步飞扬数码专营店","¥1999.00"
"HUAWEI nova 5i","11笔","君问数码官方旗舰店","¥1999.00"
"HUAWEI nova 5i","11笔","创起数码专营店","¥1599.00"
"HUAWEI nova 5i","11笔","宝海天数码旗舰店","¥1999.00"
"HUAWEI nova 5i","10笔","玩风数码专营店","¥1599.00"
"HUAWEI nova 5i","9笔","创汇通达数码旗舰店","¥1999.00"
"HUAWEI nova 5i","8笔","鸿讯通数码旗舰店","¥1999.00"
"HUAWEI nova 5i","7笔","华为莫问专卖店","¥1799.00"
"HUAWEI nova 5i","7笔","浙江移动官方旗舰店","¥1799.00"
"HUAWEI nova 5i","6笔","乐自由数码专营店","¥1999.00"
"honor/荣耀 荣耀20 pro","6419笔","荣耀官方旗舰店","¥2699.00"
"honor/荣耀 荣耀20 pro","1073笔","三际数码官方旗舰店","¥2699.00"
"honor/荣耀 荣耀20 pro","930笔","苏宁易购官方旗舰店","¥2699.00"
"honor/荣耀 荣耀20 pro","760笔","能良数码官方旗舰店","¥2699.00"
"honor/荣耀 荣耀20 pro","545笔","广东电信亿品汇专卖店","¥2699.00"
"honor/荣耀 荣耀20 pro","459笔","荣耀官方旗舰店","¥2699.00"
"honor/荣耀 荣耀20 pro","397笔","蓝港数码专营店","¥2699.00"
"honor/荣耀 荣耀20 pro","350笔","中国移动官方旗舰店","¥2999.00"
"honor/荣耀 荣耀20 pro","224笔","翼天下天翼电信旗舰店","¥2699.00"
"honor/荣耀 荣耀20 pro","185笔","飞鸿数码旗舰店","¥2699.00"
"honor/荣耀 荣耀20 pro","78笔","卓瓦数码专营店","¥2999.00"
"honor/荣耀 荣耀20 pro","76笔","博盛景数码专营店","¥2699.00"
"honor/荣耀 荣耀20 pro","33笔","君问数码官方旗舰店","¥2999.00"
"honor/荣耀 荣耀20 pro","33笔","oksj数码旗舰店","¥2699.00"
"honor/荣耀 荣耀20 pro","32笔","荣耀来音专卖店","¥2699.00"
"honor/荣耀 荣耀20 pro","31笔","同迅数码专营店","¥2999.00"
"honor/荣耀 荣耀20 pro","27笔","乐哇数码专营店","¥2699.00"
"honor/荣耀 荣耀20 pro","25笔","京合旗舰店","¥2699.00"
"honor/荣耀 荣耀20 pro","21笔","博盛景数码专营店","¥2999.00"
"honor/荣耀 荣耀20 pro","14笔","卓瓦数码专营店","¥2999.00"
"honor/荣耀 荣耀20 pro","12笔","大唐回浦数码旗舰店","¥2699.00"
"honor/荣耀 荣耀20 pro","11笔","创汇通达数码旗舰店","¥2699.00"
"honor/荣耀 荣耀20 pro","10笔","旭翼数码专营店","¥2699.00"
"honor/荣耀 荣耀20 pro","7笔","正飞中博数码旗舰店","¥2699.00"
"honor/荣耀 荣耀20 pro","7笔","迈微数码旗舰店","¥2999.00"
"honor/荣耀 荣耀20 pro","4笔","和来达数码专营店","¥2999.00"
"honor/荣耀 荣耀20 pro","4笔","中国移动手机官方旗舰店","¥2999.00"
"honor/荣耀 荣耀20 pro","3笔","同步飞扬数码专营店","¥3199.00"
"honor/荣耀 荣耀20 pro","3笔","久汇数码专营店","¥3049.00"
"honor/荣耀 荣耀20 pro","3笔","小淘器数码专营店","¥2699.00"
"OPPO A5","4204笔","OPPO官方旗舰店","¥699.00"
"OPPO A5","1402笔","三际数码官方旗舰店","¥699.00"
"OPPO A5","1046笔","佳惠兴通数码专营店","¥699.00"
"OPPO A5","983笔","OPPO官方旗舰店","¥899.00"
"OPPO A5","904笔","能良数码官方旗舰店","¥699.00"
"OPPO A5","676笔","苏宁易购官方旗舰店","¥699.00"
"OPPO A5","428笔","智宏新创数码专营店","¥699.00"
"OPPO A5","228笔","OPPO聚洪欧珀专卖店","¥699.00"
"OPPO A5","184笔","OPPO普天精诚专卖店","¥699.00"
"OPPO A5","114笔","OPPO欧曙专卖店","¥699.00"
"OPPO A5","112笔","OPPO金谷专卖店","¥699.00"
"OPPO A5","96笔","OPPO谦亨专卖","¥699.00"
"OPPO A5","91笔","OPPO平实专卖店","¥899.00"
"OPPO A5","86笔","骏灿数码专营店","¥699.00"
"OPPO A5","84笔","OPPO瑞福轩专卖店","¥899.00"
"OPPO A5","78笔","首佳誉数码专营店","¥699.00"
"OPPO A5","68笔","OPPO酷炫专卖店","¥699.00"
"OPPO A5","46笔","万佳利数码专营店","¥699.00"
"OPPO A5","40笔","聚宝康数码专营店","¥699.00"
"OPPO A5","33笔","OPPO蓝源专卖店","¥699.00"
"OPPO A5","9笔","时器数码专营店","¥1199.00"
"OPPO A5","8笔","骏灿数码专营店","¥699.00"
"OPPO A5","5笔","OPPO初然专卖店","¥899.00"
"OPPO A5","2笔","智轩优品数码专营店","¥1199.00"
"OPPO A5","1笔","话机世界官方旗舰店","¥899.00"
"OPPO A5","1笔","话机世界官方旗舰店","¥899.00"
"OPPO A5","1笔","OPPO银通亿禾专卖店","¥899.00"
"Xiaomi/小米 小米CC9","4782笔","小米官方旗舰店","¥1699.00"
"Xiaomi/小米 小米CC9","1423笔","小米官方旗舰店","¥1999.00"
"Xiaomi/小米 小米CC9","877笔","小米官方旗舰店","¥1999.00"
"Xiaomi/小米 小米CC9","734笔","中国移动官方旗舰店","¥1499.00"
"Xiaomi/小米 小米CC9","673笔","苏宁易购官方旗舰店","¥1999.00"
"Xiaomi/小米 小米CC9","242笔","三际数码官方旗舰店","¥1699.00"
"Xiaomi/小米 小米CC9","221笔","创汇通达数码旗舰店","¥1749.00"
"Xiaomi/小米 小米CC9","200笔","热图数码专营店","¥1799.00"
"Xiaomi/小米 小米CC9","173笔","小米官方旗舰店","¥1699.00"
"Xiaomi/小米 小米CC9","154笔","卓瓦数码专营店","¥1759.00"
"Xiaomi/小米 小米CC9","144笔","能良数码官方旗舰店","¥1799.00"
"Xiaomi/小米 小米CC9","130笔","广东电信亿品汇专卖店","¥1479.00"
"Xiaomi/小米 小米CC9","113笔","君问数码官方旗舰店","¥1759.00"
"Xiaomi/小米 小米CC9","104笔","创宇嘉汇数码专营店","¥1399.00"
"Xiaomi/小米 小米CC9","83笔","苏宁易购官方旗舰店","¥1999.00"
"Xiaomi/小米 小米CC9","60笔","久汇数码专营店","¥1399.00"
"Xiaomi/小米 小米CC9","55笔","玩风数码专营店","¥1359.00"
"Xiaomi/小米 小米CC9","55笔","中国移动官方旗舰店","¥1799.00"
"Xiaomi/小米 小米CC9","44笔","君胜数码专营店","¥1849.00"
"Xiaomi/小米 小米CC9","26笔","启能数码专营店","¥1499.00"
"Xiaomi/小米 小米CC9","10笔","飞鸿数码旗舰店","¥1699.00"
"Xiaomi/小米 小米CC9","9笔","新创野数码专营店","¥1599.00"
"Xiaomi/小米 小米CC9","8笔","中人通信数码旗舰店","¥1699.00"
"Xiaomi/小米 小米CC9","6笔","璟鑫手机专营店","¥1399.00"
"Xiaomi/小米 小米CC9","6笔","华飞数码专营店","¥1549.00"
"Xiaomi/小米 小米CC9","5笔","迈微数码旗舰店","¥1499.00"
"Xiaomi/小米 小米CC9","5笔","年年盛数码专营店","¥1399.00"
"Xiaomi/小米 小米CC9","4笔","小范手机旗舰店","¥1699.00"
"Xiaomi/小米 小米CC9","4笔","高远数码旗舰店","¥1999.00"
"Xiaomi/小米 小米CC9","4笔","鹏瑶数码专营店","¥1799.00"
"HUAWEI nova 6 SE","8237笔","华为官方旗舰店","¥2199.00"
"HUAWEI nova 6 SE","462笔","苏宁易购官方旗舰店","¥2199.00"
"HUAWEI nova 6 SE","168笔","京合旗舰店","¥2199.00"
"HUAWEI nova 6 SE","138笔","卓瓦数码专营店","¥2199.00"
"HUAWEI nova 6 SE","119笔","同达丰数码旗舰店","¥2199.00"
"HUAWEI nova 6 SE","118笔","同步飞扬数码专营店","¥2199.00"
"HUAWEI nova 6 SE","94笔","华为莫问专卖店","¥2298.00"
"HUAWEI nova 6 SE","89笔","广东电信亿品汇专卖店","¥2199.00"
"HUAWEI nova 6 SE","86笔","京联通达数码旗舰店","¥2199.00"
"HUAWEI nova 6 SE","82笔","小淘器数码专营店","¥2199.00"
"HUAWEI nova 6 SE","80笔","咪咕官方旗舰店","¥2199.00"
"HUAWEI nova 6 SE","42笔","三际数码官方旗舰店","¥2199.00"
"HUAWEI nova 6 SE","38笔","智由掌控数码旗舰店","¥2199.00"
"HUAWEI nova 6 SE","37笔","中国移动官方旗舰店","¥2199.00"
"HUAWEI nova 6 SE","30笔","博盛景数码专营店","¥2199.00"
"HUAWEI nova 6 SE","26笔","创汇通达数码旗舰店","¥2199.00"
"HUAWEI nova 6 SE","22笔","蓝港数码专营店","¥2199.00"
"HUAWEI nova 6 SE","9笔","能良数码官方旗舰店","¥2298.00"
"HUAWEI nova 6 SE","8笔","君问数码官方旗舰店","¥2199.00"
"HUAWEI nova 6 SE","8笔","久汇数码专营店","¥2199.00"
"HUAWEI nova 6 SE","8笔","沙丁数码专营店","¥2298.00"
"HUAWEI nova 6 SE","7笔","同迅数码专营店","¥2199.00"
"HUAWEI nova 6 SE","6笔","迈微数码旗舰店","¥2199.00"
"HUAWEI nova 6 SE","6笔","博海宇通数码专营店","¥2199.00"
"HUAWEI nova 6 SE","4笔","oksj数码旗舰店","¥2298.00"
"HUAWEI nova 6 SE","3笔","卓瓦数码专营店","¥2199.00"
"HUAWEI nova 6 SE","3笔","三际数码官方旗舰店","¥2298.00"
"HUAWEI nova 6 SE","3笔","华为天鹰专卖店","¥2199.00"
"HUAWEI nova 6 SE","2笔","好机会数码旗舰店","¥2199.00"
"HUAWEI nova 6 SE","1笔","智由掌控数码旗舰店","¥2199.00"
"realme X2","6580笔","realme官方旗舰店","¥1599.00"
"realme X2","1362笔","苏宁易购官方旗舰店","¥1699.00"
"realme X2","621笔","问鼎数码专营店","¥1499.00"
"realme X2","171笔","蝶海数码专营店","¥1699.00"
"realme X2","151笔","佳惠兴通数码专营店","¥1499.00"
"realme X2","100笔","三际数码官方旗舰店","¥1699.00"
"realme X2","80笔","墨白数码专营店","¥1699.00"
"realme X2","70笔","能良数码官方旗舰店","¥1799.00"
"realme X2","70笔","智宏新创数码专营店","¥1699.00"
"realme X2","48笔","茂鹏数码专营店","¥1699.00"
"realme X2","19笔","火红数码专营店","¥1699.00"
"realme X2","17笔","智轩优品数码专营店","¥1899.00"
"realme X2","14笔","君问数码官方旗舰店","¥1499.00"
"realme X2","7笔","realme必腾专卖店","¥1799.00"
"realme X2","4笔","茂鹏数码专营店","¥1699.00"
"realme X2","4笔","智宏新创数码专营店","¥1699.00"
"realme X2","1笔","博盛景数码专营店","¥1699.00"
"realme X2","1笔","中国移动手机官方旗舰店","¥1959.00"
"realme X2","0笔","信通志远数码专营店","¥1749.00"
"honor/荣耀 荣耀V30 PRO","7159笔","荣耀官方旗舰店","¥4199.00"
"honor/荣耀 荣耀V30 PRO","414笔","苏宁易购官方旗舰店","¥4199.00"
"honor/荣耀 荣耀V30 PRO","311笔","博盛景数码专营店","¥3899.00"
"honor/荣耀 荣耀V30 PRO","285笔","三际数码官方旗舰店","¥3899.00"
"honor/荣耀 荣耀V30 PRO","225笔","广东电信亿品汇专卖店","¥3899.00"
"honor/荣耀 荣耀V30 PRO","167笔","荣耀官方旗舰店","¥4199.00"
"honor/荣耀 荣耀V30 PRO","164笔","京合旗舰店","¥3899.00"
"honor/荣耀 荣耀V30 PRO","96笔","卓瓦数码专营店","¥3899.00"
"honor/荣耀 荣耀V30 PRO","75笔","蓝港数码专营店","¥4199.00"
"honor/荣耀 荣耀V30 PRO","72笔","oksj数码旗舰店","¥3899.00"
"honor/荣耀 荣耀V30 PRO","43笔","能良数码官方旗舰店","¥4199.00"
"honor/荣耀 荣耀V30 PRO","42笔","中国移动官方旗舰店","¥4199.00"
"honor/荣耀 荣耀V30 PRO","25笔","迈微数码旗舰店","¥4199.00"
"honor/荣耀 荣耀V30 PRO","14笔","王者天创旗舰店","¥4199.00"
"honor/荣耀 荣耀V30 PRO","7笔","大唐回浦数码旗舰店","¥4199.00"
"honor/荣耀 荣耀V30 PRO","6笔","创汇通达数码旗舰店","¥3899.00"
"honor/荣耀 荣耀V30 PRO","4笔","中国移动手机官方旗舰店","¥4199.00"
"honor/荣耀 荣耀V30 PRO","4笔","中人通信数码旗舰店","¥4199.00"
"honor/荣耀 荣耀V30 PRO","4笔","魅立数码专营店","¥4228.00"
"honor/荣耀 荣耀V30 PRO","2笔","君问数码官方旗舰店","¥4199.00"
"honor/荣耀 荣耀V30 PRO","1笔","晨星泰合数码专营店","¥3899.00"
"honor/荣耀 荣耀V30 PRO","1笔","话机世界官方旗舰店","¥4199.00"
"honor/荣耀 荣耀V30 PRO","1笔","天猫全球官方店（美国）","¥4199.00"
"honor/荣耀 荣耀V30 PRO","1笔","玩风数码专营店","¥4199.00"
"honor/荣耀 荣耀V30 PRO","1笔","睿之婕数码专营店","¥4199.00"
"honor/荣耀 荣耀V30 PRO","1笔","德胜宝数码专营店","¥4199.00"
"honor/荣耀 荣耀V30 PRO","1笔","民讯通数码专营店","¥3899.00"
"honor/荣耀 荣耀V30 PRO","1笔","贝希尔手机专营店","¥4199.00"
"honor/荣耀 荣耀V30 PRO","0笔","新松联手机专营店","¥4199.00"
"honor/荣耀 荣耀V30 PRO","0笔","和来达数码专营店","¥99999.00"
"Xiaomi/小米 小米CC9 PRO","6176笔","小米官方旗舰店","¥3199.00"
"Xiaomi/小米 小米CC9 PRO","1250笔","苏宁易购官方旗舰店","¥2799.00"
"Xiaomi/小米 小米CC9 PRO","476笔","小米官方旗舰店","¥3199.00"
"Xiaomi/小米 小米CC9 PRO","292笔","三际数码官方旗舰店","¥3199.00"
"Xiaomi/小米 小米CC9 PRO","130笔","广东电信亿品汇专卖店","¥3499.00"
"Xiaomi/小米 小米CC9 PRO","129笔","苏宁易购官方旗舰店","¥2799.00"
"Xiaomi/小米 小米CC9 PRO","114笔","能良数码官方旗舰店","¥2749.00"
"Xiaomi/小米 小米CC9 PRO","107笔","热图数码专营店","¥3599.00"
"Xiaomi/小米 小米CC9 PRO","86笔","同迅数码专营店","¥2988.00"
"Xiaomi/小米 小米CC9 PRO","46笔","三际数码官方旗舰店","¥3499.00"
"Xiaomi/小米 小米CC9 PRO","39笔","大唐回浦数码旗舰店","¥3099.00"
"Xiaomi/小米 小米CC9 PRO","39笔","魅立数码专营店","¥2789.00"
"Xiaomi/小米 小米CC9 PRO","32笔","中国移动官方旗舰店","¥2899.00"
"Xiaomi/小米 小米CC9 PRO","28笔","连盛数码专营店","¥2599.00"
"Xiaomi/小米 小米CC9 PRO","26笔","创汇通达数码旗舰店","¥2799.00"
"Xiaomi/小米 小米CC9 PRO","26笔","卓瓦数码专营店","¥3499.00"
"Xiaomi/小米 小米CC9 PRO","18笔","小米合加专卖店","¥3099.00"
"Xiaomi/小米 小米CC9 PRO","15笔","天猫全球官方店","¥2799.00"
"Xiaomi/小米 小米CC9 PRO","11笔","君问数码官方旗舰店","¥2799.00"
"Xiaomi/小米 小米CC9 PRO","11笔","天猫全球官方店（澳洲）","¥2799.00"
"Xiaomi/小米 小米CC9 PRO","10笔","鹏瑶数码专营店","¥2988.00"
"Xiaomi/小米 小米CC9 PRO","9笔","正飞中博数码旗舰店","¥3099.00"
"Xiaomi/小米 小米CC9 PRO","6笔","天猫全球官方店（香港地区）","¥2799.00"
"Xiaomi/小米 小米CC9 PRO","5笔","绿森数码官方旗舰店","¥3229.00"
"Xiaomi/小米 小米CC9 PRO","4笔","中人通信数码旗舰店","¥3499.00"
"Xiaomi/小米 小米CC9 PRO","3笔","迈微数码旗舰店","¥3499.00"
"Xiaomi/小米 小米CC9 PRO","3笔","中国移动手机官方旗舰店","¥3099.00"
"Xiaomi/小米 小米CC9 PRO","2笔","天猫全球官方店（加拿大）","¥2899.00"
"Xiaomi/小米 小米CC9 PRO","2笔","话机世界官方旗舰店","¥3099.00"
"Xiaomi/小米 小米CC9 PRO","2笔","小范手机旗舰店","¥3099.00"
"HUAWEI nova 4e","2459笔","苏宁易购官方旗舰店","¥1149.00"
"HUAWEI nova 4e","1489笔","蓝港数码专营店","¥1799.00"
"HUAWEI nova 4e","1152笔","中国移动官方旗舰店","¥1198.00"
"HUAWEI nova 4e","900笔","博海宇通数码专营店","¥1199.00"
"HUAWEI nova 4e","712笔","君问数码官方旗舰店","¥1229.00"
"HUAWEI nova 4e","437笔","晨星泰合数码专营店","¥1349.00"
"HUAWEI nova 4e","219笔","三际数码官方旗舰店","¥1218.00"
"HUAWEI nova 4e","194笔","广东电信亿品汇专卖店","¥1238.00"
"HUAWEI nova 4e","166笔","旭远数码专营店","¥1159.00"
"HUAWEI nova 4e","120笔","创汇通达数码旗舰店","¥1198.00"
"HUAWEI nova 4e","109笔","同步飞扬数码专营店","¥1238.00"
"HUAWEI nova 4e","84笔","京合旗舰店","¥1249.00"
"HUAWEI nova 4e","83笔","久汇数码专营店","¥1168.00"
"HUAWEI nova 4e","76笔","和来达数码专营店","¥1699.00"
"HUAWEI nova 4e","59笔","中国电信官方旗舰店","¥1109.00"
"HUAWEI nova 4e","52笔","翼天下天翼电信旗舰店","¥1299.00"
"HUAWEI nova 4e","44笔","京联通达数码旗舰店","¥1299.00"
"HUAWEI nova 4e","28笔","乐哇数码专营店","¥1399.00"
"HUAWEI nova 4e","20笔","中电嘉信数码专营店","¥1078.00"
"HUAWEI nova 4e","18笔","启能数码专营店","¥1199.00"
"HUAWEI nova 4e","16笔","八联星数码专营店","¥1228.00"
"HUAWEI nova 4e","16笔","潍坊联通官方旗舰店","¥1399.00"
"HUAWEI nova 4e","15笔","卓瓦数码专营店","¥1248.00"
"HUAWEI nova 4e","12笔","创起数码专营店","¥1258.00"
"HUAWEI nova 4e","11笔","同迅数码专营店","¥1799.00"
"HUAWEI nova 4e","11笔","浙江移动官方旗舰店","¥1258.00"
"HUAWEI nova 4e","11笔","华为莫问专卖店","¥1248.00"
"HUAWEI nova 4e","10笔","气樽数码专营店","¥1299.00"
"HUAWEI nova 4e","10笔","好机会数码旗舰店","¥1228.00"
"HUAWEI nova 4e","9笔","能良数码官方旗舰店","¥1379.00"
"创星（手机） S1","8460笔","炜广天成数码专营店","¥58.00"
"创星（手机） S1","42笔","乐闻数码专营店","¥88.00"
"创星（手机） S1","36笔","纯林伟业数码专营店","¥58.00"
"创星（手机） S1","21笔","创星手机旗舰店","¥58.00"
"创星（手机） S1","20笔","优机汇数码专营店","¥58.00"
"创星（手机） S1","12笔","东旭日泰数码专营店","¥58.00"
"创星（手机） S1","11笔","创星熙欣康专卖店","¥58.00"
"创星（手机） S1","2笔","飞可盈数码专营店","¥599.00"
"创星（手机） S1","1笔","鑫睿诚数码专营店","¥228.00"
"创星（手机） S1","1笔","利欧数码专营店","¥138.00"
"创星（手机） S1","0笔","百灵佳讯数码专营店","¥138.00"
"创星（手机） S1","0笔","淘贤居数码专营店","¥258.00"
"创星（手机） S1","0笔","湘桂发数码专营店","¥238.00"
"honor/荣耀 荣耀10青春版","2296笔","苏宁易购官方旗舰店","¥899.00"
"honor/荣耀 荣耀10青春版","1539笔","久汇数码专营店","¥1118.00"
"honor/荣耀 荣耀10青春版","1084笔","三际数码官方旗舰店","¥868.00"
"honor/荣耀 荣耀10青春版","585笔","oksj数码旗舰店","¥868.00"
"honor/荣耀 荣耀10青春版","558笔","中国移动官方旗舰店","¥1099.00"
"honor/荣耀 荣耀10青春版","379笔","博盛景数码专营店","¥868.00"
"honor/荣耀 荣耀10青春版","375笔","能良数码官方旗舰店","¥868.00"
"honor/荣耀 荣耀10青春版","221笔","蓝港数码专营店","¥899.00"
"honor/荣耀 荣耀10青春版","179笔","千瑞宏达手机专营店","¥848.00"
"honor/荣耀 荣耀10青春版","142笔","京合旗舰店","¥1699.00"
"honor/荣耀 荣耀10青春版","140笔","翼天下天翼电信旗舰店","¥879.00"
"honor/荣耀 荣耀10青春版","115笔","博海宇通数码专营店","¥868.00"
"honor/荣耀 荣耀10青春版","74笔","荣耀官方旗舰店","¥1699.00"
"honor/荣耀 荣耀10青春版","72笔","广东电信亿品汇专卖店","¥1098.00"
"honor/荣耀 荣耀10青春版","63笔","小淘器数码专营店","¥899.00"
"honor/荣耀 荣耀10青春版","37笔","晋商数码专营店","¥1229.00"
"honor/荣耀 荣耀10青春版","28笔","君问数码官方旗舰店","¥1099.00"
"honor/荣耀 荣耀10青春版","27笔","创汇通达数码旗舰店","¥868.00"
"honor/荣耀 荣耀10青春版","23笔","卓瓦数码专营店","¥868.00"
"honor/荣耀 荣耀10青春版","16笔","飞鸿数码旗舰店","¥1699.00"
"honor/荣耀 荣耀10青春版","14笔","启能数码专营店","¥879.00"
"honor/荣耀 荣耀10青春版","13笔","和来达数码专营店","¥858.00"
"honor/荣耀 荣耀10青春版","11笔","潍坊联通官方旗舰店","¥1388.00"
"honor/荣耀 荣耀10青春版","11笔","华飞数码专营店","¥859.00"
"honor/荣耀 荣耀10青春版","10笔","卓瓦数码专营店","¥888.00"
"honor/荣耀 荣耀10青春版","10笔","同迅数码专营店","¥1699.00"
"honor/荣耀 荣耀10青春版","8笔","印象通讯官方旗舰店","¥899.00"
"honor/荣耀 荣耀10青春版","4笔","信息港数码专营店","¥899.00"
"honor/荣耀 荣耀10青春版","3笔","八联星数码专营店","¥1198.00"
"honor/荣耀 荣耀10青春版","2笔","博海宇通数码专营店","¥1699.00"
"Xiaomi/小米 Redmi 8","5929笔","小米官方旗舰店","¥799.00"
"Xiaomi/小米 Redmi 8","849笔","三际数码官方旗舰店","¥679.00"
"Xiaomi/小米 Redmi 8","647笔","苏宁易购官方旗舰店","¥749.00"
"Xiaomi/小米 Redmi 8","351笔","小米官方旗舰店","¥799.00"
"Xiaomi/小米 Redmi 8","221笔","卓瓦数码专营店","¥679.00"
"Xiaomi/小米 Redmi 8","142笔","中国移动官方旗舰店","¥779.00"
"Xiaomi/小米 Redmi 8","134笔","民讯通数码专营店","¥739.00"
"Xiaomi/小米 Redmi 8","52笔","创汇通达数码旗舰店","¥769.00"
"Xiaomi/小米 Redmi 8","47笔","魅立数码专营店","¥799.00"
"Xiaomi/小米 Redmi 8","43笔","广东电信亿品汇专卖店","¥799.00"
"Xiaomi/小米 Redmi 8","33笔","三际数码官方旗舰店","¥899.00"
"Xiaomi/小米 Redmi 8","29笔","能良数码官方旗舰店","¥779.00"
"Xiaomi/小米 Redmi 8","28笔","玩风数码专营店","¥799.00"
"Xiaomi/小米 Redmi 8","20笔","潍坊联通官方旗舰店","¥799.00"
"Xiaomi/小米 Redmi 8","19笔","新创野数码专营店","¥689.00"
"Xiaomi/小米 Redmi 8","17笔","绿森数码官方旗舰店","¥899.00"
"Xiaomi/小米 Redmi 8","17笔","华飞数码专营店","¥758.00"
"Xiaomi/小米 Redmi 8","15笔","璟鑫手机专营店","¥799.00"
"Xiaomi/小米 Redmi 8","13笔","小米合加专卖店","¥799.00"
"Xiaomi/小米 Redmi 8","12笔","君问数码官方旗舰店","¥769.00"
"Xiaomi/小米 Redmi 8","12笔","热图数码专营店","¥899.00"
"Xiaomi/小米 Redmi 8","8笔","鑫辉数码旗舰店","¥799.00"
"Xiaomi/小米 Redmi 8","7笔","优爱特手机专营店","¥728.00"
"Xiaomi/小米 Redmi 8","4笔","乐畔乐购旗舰店","¥799.00"
"Xiaomi/小米 Redmi 8","4笔","中国移动手机官方旗舰店","¥899.00"
"Xiaomi/小米 Redmi 8","4笔","博海宇通数码专营店","¥699.00"
"Xiaomi/小米 Redmi 8","4笔","天猫全球官方店（香港地区）","¥899.00"
"Xiaomi/小米 Redmi 8","4笔","云南移动官方旗舰店","¥759.00"
"Xiaomi/小米 Redmi 8","4笔","创起数码专营店","¥699.00"
"Xiaomi/小米 Redmi 8","3笔","天猫全球官方店","¥799.00"
"vivo X27","2681笔","vivo官方旗舰店","¥2498.00"
"vivo X27","1893笔","vivo衡视专卖店","¥2498.00"
"vivo X27","716笔","首佳誉数码专营店","¥2498.00"
"vivo X27","645笔","vivo航鹰专卖店","¥2498.00"
"vivo X27","580笔","vivo欧曙专卖店","¥2498.00"
"vivo X27","263笔","能良数码官方旗舰店","¥2498.00"
"vivo X27","205笔","vivo天诚专卖店","¥2498.00"
"vivo X27","190笔","茂鹏数码专营店","¥2498.00"
"vivo X27","146笔","京联通达数码旗舰店","¥2498.00"
"vivo X27","137笔","苏宁易购官方旗舰店","¥2498.00"
"vivo X27","122笔","三际数码官方旗舰店","¥2498.00"
"vivo X27","112笔","vivo曼尼金专卖店","¥2498.00"
"vivo X27","97笔","博盛景数码专营店","¥2498.00"
"vivo X27","85笔","恒盛纪元数码专营店","¥2798.00"
"vivo X27","60笔","vivo衡视专卖店","¥2498.00"
"vivo X27","45笔","悦高数码专营店","¥2498.00"
"vivo X27","36笔","恒盛纪元数码专营店","¥2498.00"
"vivo X27","33笔","vivo铁络专卖店","¥2498.00"
"vivo X27","20笔","中国移动官方旗舰店","¥2498.00"
"vivo X27","19笔","vivo铁络专卖店","¥2498.00"
"vivo X27","13笔","vivo天诚专卖店","¥2498.00"
"vivo X27","13笔","vivo航鹰专卖店","¥2498.00"
"vivo X27","11笔","vivo智轩优品专卖店","¥2498.00"
"vivo X27","8笔","鑫旺欣数码旗舰店","¥2498.00"
"vivo X27","7笔","中人通信数码旗舰店","¥2798.00"
"vivo X27","6笔","君问数码官方旗舰店","¥2498.00"
"vivo X27","5笔","飞鸿数码旗舰店","¥2498.00"
"vivo X27","4笔","王者天创旗舰店","¥2798.00"
"vivo X27","2笔","vivo智轩优品专卖店","¥2498.00"
"vivo X27","1笔","鸿讯通数码旗舰店","¥2498.00"
"纽曼 W560","7039笔","深圳易乐购数码专营店","¥78.00"
"纽曼 W560","297笔","纽曼深圳专卖店","¥148.00"
"纽曼 W560","177笔","创于佳讯数码专营店","¥98.00"
"纽曼 W560","93笔","纽曼世腾专卖店","¥108.00"
"纽曼 W560","32笔","纽曼手机旗舰店","¥108.00"
"纽曼 W560","18笔","纽曼幸福专卖店","¥148.00"
"纽曼 W560","14笔","炜广天成数码专营店","¥108.00"
"纽曼 W560","11笔","纯林伟业数码专营店","¥98.00"
"纽曼 W560","7笔","米凌数码专营店","¥108.00"
"纽曼 W560","2笔","鑫睿诚数码专营店","¥168.00"
"纽曼 W560","0笔","赫尔曼数码专营店","¥188.00"
"纽曼 W560","0笔","纽曼斯雅恩专卖店","¥628.00"
"纽曼 W560","0笔","东旭日泰数码专营店","¥148.00"
"纽曼 W560","0笔","瑞联通数码专营店","¥98.00"
"纽曼 W560","0笔","纽曼鹏宇佳业专卖店","¥148.00"
